image_path,label,label_code
f:\bifu\georges\a01cb196acdf597346824a6ce9c89a67.jpg,georges,1
f:\bifu\georges\aa5be124d9deeb5580499b9290519605.jpg,georges,1
f:\bifu\georges\9ea4cf916b248af0e81d00e47fd98a28.jpg,georges,1
f:\bifu\georges\2e0728bdbb7940e5869a085cb81900a4.jpg,georges,1
f:\bifu\georges\70e0c0b2e33a17da42e0219078f5c170.jpg,georges,1
f:\bifu\georges\1f0235d2ddabc113457b1c10e5e0ed11.jpg,georges,1
f:\bifu\georges\14bd1a3a15583116acde05d4bff77755.jpg,georges,1
f:\bifu\georges\24e63780856e6b5d3c15f66c97ff8433.jpg,georges,1
f:\bifu\georges\4d17d566aa14ee357ab5ceaff817cdeb.jpg,georges,1
f:\bifu\georges\d04b8255d2ff79e368b6f1a415f91954.jpg,georges,1
f:\bifu\georges\c94fdc087b2aeac4ef28d30741550f15.jpg,georges,1
f:\bifu\georges\8361cd9660d67b19a360fba8e01efb51.jpg,georges,1
f:\bifu\georges\297a1ed47f5b9fead14423b561d382e1.jpg,georges,1
f:\bifu\georges\2210b1ef66c5a49a9735ad51d1e6bbc2.jpg,georges,1
f:\bifu\georges\05a511adde52834e11c4431dbcd24d33.jpg,georges,1
f:\bifu\georges\6fc90b0f033e7f7fbb8e83bec64771b2.jpg,georges,1
f:\bifu\georges\005d75fd1ab5478b0a1b3290032e9358.jpg,georges,1
f:\bifu\georges\5da522504abc1a7e01f39318747f0d7c.jpg,georges,1
f:\bifu\georges\e51fc9d0c48dd48e1e0aa7e8d6fcb945.jpg,georges,1
f:\bifu\georges\c0c6bbb0ffc1cc15b02bc1238ffd5387.jpg,georges,1
f:\bifu\georges\a16de6918a61da1c839ccb8e8466756b.jpg,georges,1
f:\bifu\georges\31f0d2b89dcbed26b1e7c56d7eca70e4.jpg,georges,1
f:\bifu\georges\3e1a8d95040cbc3fa870710fc8c0f644.jpg,georges,1
f:\bifu\georges\a9804ad710d70b7f45253d083ecb5688.jpg,georges,1
f:\bifu\georges\b07e6dc2618dab4b56545460142a0cb4.jpg,georges,1
f:\bifu\georges\cbde734f26566c7cb504a2097be82088.jpg,georges,1
f:\bifu\georges\4119b8460dc2891164c53407947494d7.jpg,georges,1
f:\bifu\georges\a740d9361d57269e890fb6b6da8571a2.jpg,georges,1
f:\bifu\georges\3daa0acfd54d194fc42beba161bf648d.jpg,georges,1
f:\bifu\georges\a86824a15716fea20d37d93c5505b9ec.jpg,georges,1
f:\bifu\georges\5fb66a2062671ba05d9bacec9c28d01f.jpg,georges,1
f:\bifu\georges\19849d2afb5e77bf64a6e1ca8e540e5f.jpg,georges,1
f:\bifu\georges\b7cc644eb2fbe98ee89cff85c14e5122.jpg,georges,1
f:\bifu\georges\73e90918b373b4d0ae86e6cca8956494.jpg,georges,1
f:\bifu\georges\66847b2b36733802cebc2b0662103bee.jpg,georges,1
f:\bifu\georges\4e91a52d94c156c06ac83e74191dbbae.jpg,georges,1
f:\bifu\georges\00a8418680f015900aa9ee6eea4c762f.jpg,georges,1
f:\bifu\georges\b263218c6f9eed492c48f420226c26c2.jpg,georges,1
f:\bifu\georges\452b8ec5863a37bb37e1fcfea4b1ddb1.jpg,georges,1
f:\bifu\georges\498df3aef2ce8cba487f1a1f52fc0ffa.jpg,georges,1
f:\bifu\georges\7a52e4ac79fa12ecdb96419ba69da623.jpg,georges,1
f:\bifu\georges\cc19ccb93181b4f4a571756966e200bf.jpg,georges,1
f:\bifu\georges\86353a935e0cf3e4e3875f13e31b2eda.jpg,georges,1
f:\bifu\georges\d7b6d9832341a099b470fab7e5aff546.jpg,georges,1
f:\bifu\georges\a4db5a270ea2b6f627c19e6357c65334.jpg,georges,1
f:\bifu\georges\1421cd23af904b529d2e32dfbf61ad21.jpg,georges,1
f:\bifu\georges\d251c0ad08a5ba2ba163217f91ab7e9f.jpg,georges,1
f:\bifu\georges\994244239425b489009bdf30409ee31e.jpg,georges,1
f:\bifu\georges\1fe83dcbafe66b112883bf7d47d677c5.jpg,georges,1
f:\bifu\georges\748f2d2d7c27aba21494271a75c3fdd5.jpg,georges,1
f:\bifu\georges\0b2aa546a567c28ba90103ef9551d30d.jpg,georges,1
f:\bifu\georges\3f38b9331007de6d3c8b3c95655f19c5.jpg,georges,1
f:\bifu\georges\6142d2d531e8eb08e88d1961f38c217d.jpg,georges,1
f:\bifu\georges\4da2362ebc9a6f5ea5a4f6dc79eb1201.jpg,georges,1
f:\bifu\georges\a70f0824d4ca8704e43531b090603c92.jpg,georges,1
f:\bifu\georges\0e65fbc664c5266b692f47ace265f1d4.jpg,georges,1
f:\bifu\georges\e6de7c24b74a392dad62a8259dad53b8.jpg,georges,1
f:\bifu\georges\47591f8055da3a8fed13cf09ffd6b739.jpg,georges,1
f:\bifu\georges\0c2d361d3dac1609b66a0ee1e5e0014c.jpg,georges,1
f:\bifu\georges\d9d52a08be4160f5b16588eea8ff5ae4.jpg,georges,1
f:\bifu\georges\f1212428a849ba54436b378377d7d68c.jpg,georges,1
f:\bifu\georges\7ad45bc3b316aa9342cc2920b4130602.jpg,georges,1
f:\bifu\georges\83835ce081c6f93e8c6bd035d1cea26b.jpg,georges,1
f:\bifu\georges\d8aa377222115269d3d15da5ae20ba79.jpg,georges,1
f:\bifu\georges\034cd526ed75ebfd032866f0ac8281b4.jpg,georges,1
f:\bifu\georges\91f995379ab2d6ad77c55a328032e471.jpg,georges,1
f:\bifu\georges\a7e2e10b8d6a332bd29ac52957f1b707.jpg,georges,1
f:\bifu\georges\047e2211827ce9c0ad74cc9fbb0b1733.jpg,georges,1
f:\bifu\georges\35f458a6846253628905e8defd825c08.jpg,georges,1
f:\bifu\georges\774d897ee7eae0d557c161041eeee5d3.jpg,georges,1
f:\bifu\georges\26159bc9761006aa47fab267bf3efeee.jpg,georges,1
f:\bifu\georges\6dc6392ad64750823d476c0dacd927b6.jpg,georges,1
f:\bifu\georges\3988fa2b3869a24d93789807e27309eb.jpg,georges,1
f:\bifu\georges\856c96b255440a17965ebe4c45214b78.jpg,georges,1
f:\bifu\georges\bdfd825c0a9d24af43b5f49b3d27ca95.jpg,georges,1
f:\bifu\georges\cec1ac01202579b171a89266bc8a6e10.jpg,georges,1
f:\bifu\georges\1ce616e3c6611aea342bd409fd25f507.jpg,georges,1
f:\bifu\georges\5a78121b17751840a7a1778ad88fcfc3.jpg,georges,1
f:\bifu\georges\0aa71f27baf945fdc5ab45a48d6e16b3.jpg,georges,1
f:\bifu\georges\ec181d1eaf5b77219554c4b0ff462ebd.jpg,georges,1
f:\bifu\georges\8d25cd29b62b98342599f9c505a7e6cc.jpg,georges,1
f:\bifu\georges\ab3b6b680196b340def32153dd394806.jpg,georges,1
f:\bifu\georges\37ce8d3085373f9aed34f5ae4cd3a1d9.jpg,georges,1
f:\bifu\georges\2cbdc8eeee752639fe219007d2f71d59.jpg,georges,1
f:\bifu\georges\cbd9b40595d397ec08904935032970c3.jpg,georges,1
f:\bifu\georges\8cdeb7609c3c839042e2b6fb7ef55277.jpg,georges,1
f:\bifu\georges\8e7dbf2f11c3c1b88cf3f58211c83bde.jpg,georges,1
f:\bifu\georges\7d0728ae52b2611825910e93e7ef94f2.jpg,georges,1
f:\bifu\georges\6ee4bf6b889676d04ca10e46fef878dc.jpg,georges,1
f:\bifu\georges\a59eb4bc81f7584f073998fe691dadcd.jpg,georges,1
f:\bifu\georges\04c97d9c8bf714504cff9f87c27f4003.jpg,georges,1
f:\bifu\georges\03650b721a949764c0b081e70382fd3d.jpg,georges,1
f:\bifu\georges\d8e99f1bb0742ffcd875ef6a06fb9a62.jpg,georges,1
f:\bifu\georges\b52c67fcacf9286fb76abddb44ed4d3f.jpg,georges,1
f:\bifu\georges\535771c043d7d1ed2add3f109839798a.jpg,georges,1
f:\bifu\georges\d7b1dfd21a7a51af0f2adb378a127612.jpg,georges,1
f:\bifu\georges\a4b7d53a9ccd97d4d678a82cb56d34d2.jpg,georges,1
f:\bifu\georges\87819adfa2d9d9fdaa53f4e066ce763a.jpg,georges,1
f:\bifu\georges\852eaf0a34166373fda74aac2f14c6f5.jpg,georges,1
f:\bifu\georges\91286eeb441f3ac59710d62325d252da.jpg,georges,1
f:\bifu\georges\028b87d92a9be73f88397dbfd9223f80.jpg,georges,1
f:\bifu\georges\c27423b6bbda4784b6c29c3603bd100b.jpg,georges,1
f:\bifu\georges\35a50c18de3bcc4f2f51958a049ac318.jpg,georges,1
f:\bifu\georges\73152489e2d0706f89060e190d13ef44.jpg,georges,1
f:\bifu\georges\a2c847b915962f1580347bb6c62f9bba.jpg,georges,1
f:\bifu\georges\f3ce3d026b4dd4fe37b87f960e9b7fc2.jpg,georges,1
f:\bifu\georges\938a637a9724eb7fdd5b0bc9e159f0f2.jpg,georges,1
f:\bifu\georges\5597ed7636ed788ea655914d13586366.jpg,georges,1
f:\bifu\georges\16454b0d8fdea579f468be37ee14658d.jpg,georges,1
f:\bifu\georges\863e6b0e56b8e4626ba85e434bed0d94.jpg,georges,1
f:\bifu\georges\79757bb4188a6cb942baa8da69c2d4b2.jpg,georges,1
f:\bifu\georges\e8f81c75daa413ac96716c39ccbdbca8.jpg,georges,1
f:\bifu\georges\1450a41741a5316a7581cbb059fe3e0c.jpg,georges,1
f:\bifu\georges\0a5f7b5996063605dd05887ef4d31855.jpg,georges,1
f:\bifu\georges\d4aa54b6ffae68f9557567044bbdaa22.jpg,georges,1
f:\bifu\georges\66a065e50276a3bd950bd9671e28a820.jpg,georges,1
f:\bifu\georges\0e40d7d2058a8887579318d7daca522e.jpg,georges,1
f:\bifu\georges\6a074a83969e23257f739dfbf557ddec.jpg,georges,1
f:\bifu\georges\14f954bf74958f0467be94c865ac7bb2.jpg,georges,1
f:\bifu\georges\67a419ad04b9a7faeddfaa261dd2bd71.jpg,georges,1
f:\bifu\georges\94de46bf895a8b5a09b3317a0cd9214b.jpg,georges,1
f:\bifu\georges\df277f115f8306d65ca3019c59a16385.jpg,georges,1
f:\bifu\georges\3a8c3febe9a57afa9453c76ea21c3a05.jpg,georges,1
f:\bifu\georges\2bfebef0f50b0d58589bdb51dd443035.jpg,georges,1
f:\bifu\georges\7c956724141ad4ad2d0aebdac30cbdc6.jpg,georges,1
f:\bifu\georges\101129e20486ac500963a7dae53cce1e.jpg,georges,1
f:\bifu\georges\a7c33aff6fe4914b6301daa11de27c6c.jpg,georges,1
f:\bifu\georges\f5f309f35857ee26992bad868f597c45.jpg,georges,1
f:\bifu\georges\be735091dc64882e5116b1ab82c381bf.jpg,georges,1
f:\bifu\georges\852439a8c5c2fd94e407025fc248a4f1.jpg,georges,1
f:\bifu\georges\237df2bbb3014451ee7514807a4b8cdb.jpg,georges,1
f:\bifu\georges\c729180580927559a8262993522e822e.jpg,georges,1
f:\bifu\georges\9519cb5790282a77cb5eaa47a69f460c.jpg,georges,1
f:\bifu\georges\f3383e41efa4bcc8b797226ba6ba16ce.jpg,georges,1
f:\bifu\georges\380de4ddbdd0a4f53325e7ed2bfdc22e.jpg,georges,1
f:\bifu\georges\1c035395f8d2c6d3d926af4c62d101ff.jpg,georges,1
f:\bifu\georges\ddc39a20a830921c1f1417ef04995e23.jpg,georges,1
f:\bifu\georges\df1e8f1b3e6583ef4765f6f4d598fa77.jpg,georges,1
f:\bifu\georges\fac64f5f117f3d88bb9d5a4d763fd05c.jpg,georges,1
f:\bifu\georges\7831104f5302d78170bec46f26dc200a.jpg,georges,1
f:\bifu\georges\bf978aed1612fc0f3daa3216114a919a.jpg,georges,1
f:\bifu\georges\7ba1e0555f563c52e3c2307b1540f64d.jpg,georges,1
f:\bifu\georges\d8646e3f2d8fa49b4dcab9e0d874864f.jpg,georges,1
f:\bifu\georges\7fd0d3d9131a4bef6b1c7a481b08fd19.jpg,georges,1
f:\bifu\georges\c157f06b60aedb7e0a36845780679d30.jpg,georges,1
f:\bifu\georges\567409cd284bd9366394d7deb3440007.jpg,georges,1
f:\bifu\georges\d06cfc888aa78f46bce413f30eff3451.jpg,georges,1
f:\bifu\georges\11bbfcc74326482e88262903509a9803.jpg,georges,1
f:\bifu\georges\69065a0ac1ce9799a0df63d25c9e56ed.jpg,georges,1
f:\bifu\georges\293a2d5809129f3a1988af21ea97692d.jpg,georges,1
f:\bifu\georges\8b0d2db93d679d3a22c5f7cdb255a658.jpg,georges,1
f:\bifu\georges\0205bc42e82109eff8654f5ed3786c58.jpg,georges,1
f:\bifu\georges\4b3093adac9a71b0de7d70df94f54fc9.jpg,georges,1
f:\bifu\georges\922564445e332f5c43828c49cde3e7fb.jpg,georges,1
f:\bifu\georges\44cfaf607197d8433bd148a4d65cfb63.jpg,georges,1
f:\bifu\georges\1cb5eea675e1c9d07029e81991477059.jpg,georges,1
f:\bifu\georges\3299df410422848815cdb8f02cb2d3a0.jpg,georges,1
f:\bifu\georges\3057e26f34bd94f339ddd21f96132fd6.jpg,georges,1
f:\bifu\georges\582313c05fc7762f78f329433b947725.jpg,georges,1
f:\bifu\georges\a0634133c5917320985d99a58ea33b13.jpg,georges,1
f:\bifu\georges\07c4ec7e231cf6fea099fa46195b8385.jpg,georges,1
f:\bifu\georges\224b9b1e03be8337523e7966c7d2a7e1.jpg,georges,1
f:\bifu\georges\7b7336589fdf2405e69245ba94d22a89.jpg,georges,1
f:\bifu\georges\5cea17cf13fe4861940f951fbbf7cf66.jpg,georges,1
f:\bifu\georges\9d8eda82b09b0c271fe3a7972a0a05af.jpg,georges,1
f:\bifu\georges\cdcd000807d030853f938fde9cd2c9b7.jpg,georges,1
f:\bifu\georges\53439154f7b9ae1338099360c6a9b87d.jpg,georges,1
f:\bifu\georges\f9453a2c74a2dfb8e49662b1d9347a86.jpg,georges,1
f:\bifu\georges\55dfda12d9face8da50e787871ca3edb.jpg,georges,1
f:\bifu\georges\1e4d8d57c4a4cdcc595babda200cd3cf.jpg,georges,1
f:\bifu\georges\b1c0d0e014d79ccd5cc1dcf8558336be.jpg,georges,1
f:\bifu\georges\7377240989e000cf9fca977380252d86.jpg,georges,1
f:\bifu\georges\704545885b6e445722970ff33706592a.jpg,georges,1
f:\bifu\georges\9cc85544183644ad1ca48e722d3ea05e.jpg,georges,1
f:\bifu\georges\15bb7abe327d4798d2a58f62427ee111.jpg,georges,1
f:\bifu\georges\b4f2a4d1dec05d3184fa7770547ae077.jpg,georges,1
f:\bifu\georges\abe2df976e8357e3d66505deca54ed27.jpg,georges,1
f:\bifu\georges\5d2c5486a81a21855e7d8d9d4e195368.jpg,georges,1
f:\bifu\georges\eec6559fb732db250fd282bec3706ba1.jpg,georges,1
f:\bifu\georges\f028ebef0779e3f18f3d9277a8f2d83c.jpg,georges,1
f:\bifu\georges\4c488ad6f010876391a7017de578a451.jpg,georges,1
f:\bifu\georges\dd735164a3f86a2f5538de9644b0f16b.jpg,georges,1
f:\bifu\georges\382cb44fb913eb6d71d6a1e77552de06.jpg,georges,1
f:\bifu\georges\ed3fc8186d181667ca2769ac9d652687.jpg,georges,1
f:\bifu\georges\19413676114d5236e9ab7d32b88f9b60.jpg,georges,1
f:\bifu\georges\ec5ea96fecf5e196c75d3e4855924a07.jpg,georges,1
f:\bifu\georges\b77f7b926907f9aa45aa80f04567cd1d.jpg,georges,1
f:\bifu\georges\4c191d3f15dc5452f655996c670816d8.jpg,georges,1
f:\bifu\georges\7600e81f60ffcc2141301b209e593e5b.jpg,georges,1
f:\bifu\georges\a0176aa9501e2761c2435df0bd73e57d.jpg,georges,1
f:\bifu\georges\35c1fae8d598894d659c8ab12d19c296.jpg,georges,1
f:\bifu\georges\0afc9fdafebc82679d4e0eab96d97cc5.jpg,georges,1
f:\bifu\georges\c33a227bb50edc21ca00103487f7ec9e.jpg,georges,1
f:\bifu\georges\9cfcaca821b78efe80e52f0d62b6ffdc.jpg,georges,1
f:\bifu\georges\8f2f81c81eba1189ecf29eb81ca71ec1.jpg,georges,1
f:\bifu\georges\eaac7119a2a14e84f3dbfcc81ed3000b.jpg,georges,1
f:\bifu\georges\12fdeb049b087d9bfb20a94c9803aa37.jpg,georges,1
f:\bifu\georges\8e4a9a0d33af39d674dbc6cbfbaad1b7.jpg,georges,1
f:\bifu\georges\a3f1133adcc748de641bcb5a4d57689a.jpg,georges,1
f:\bifu\georges\7b78e2d3b8e270383922f15c2b895664.jpg,georges,1
f:\bifu\georges\d25308a42981afe948397e7db36c2ca7.jpg,georges,1
f:\bifu\georges\1fd26067c72e5c0f0e4c303fd981b783.jpg,georges,1
f:\bifu\georges\02f3531a5e564701be71687cb1ac90a0.jpg,georges,1
f:\bifu\georges\f3d909a372509f3cda4671040940525b.jpg,georges,1
f:\bifu\georges\0c394615c32a9198ed792ef0f3aab0fa.jpg,georges,1
f:\bifu\georges\7bd113a35db64f30e2e01d4426619617.jpg,georges,1
f:\bifu\georges\baa3a0ce6620b6e9972621fd3682e908.jpg,georges,1
f:\bifu\georges\3753771bddf82df0d27b1284dd7fe979.jpg,georges,1
f:\bifu\georges\f203aa5da9fcccbbd68607b4532167f3.jpg,georges,1
f:\bifu\georges\715cf128b1e6389d9f3a4564f9e71373.jpg,georges,1
f:\bifu\georges\0ced09675792b49e8ac4ef6ee2a83761.jpg,georges,1
f:\bifu\georges\5c4002beb5746bfbf2699d10329f4ffd.jpg,georges,1
f:\bifu\georges\e728e18fc040947035de4d48e80a8c4f.jpg,georges,1
f:\bifu\georges\9f2b36db3458b3b5427e9daf7d15cbd9.jpg,georges,1
f:\bifu\georges\3178ad168ffe8070dd379388ec2fd376.jpg,georges,1
f:\bifu\georges\197e6e5b01c2b584794013973f1a2c3b.jpg,georges,1
f:\bifu\georges\1979a536ba4e42db79806c500d335ecf.jpg,georges,1
f:\bifu\georges\e6b03edf2fbf70a033b317dfddaf0ccd.jpg,georges,1
f:\bifu\georges\a8c49cee23149028e48b18aefb753bdf.jpg,georges,1
f:\bifu\georges\8a83e38437d7fe8648d39d67eb22bcc4.jpg,georges,1
f:\bifu\georges\52edde077d209b553a5c9ae6f767e62d.jpg,georges,1
f:\bifu\georges\caa39dff44d57fd8b920dd3c747a1808.jpg,georges,1
f:\bifu\georges\f83569db3fd5eebe2aa1220bf6be4d7c.jpg,georges,1
f:\bifu\georges\b64bf14b6cd713487f6ff7dc9d90c3b1.jpg,georges,1
f:\bifu\georges\6fc488f953b2f2a4ae3c2de7d4fba108.jpg,georges,1
f:\bifu\georges\c31a40ba93b7ecc02bfff03d5b9546be.jpg,georges,1
f:\bifu\georges\200eae8cc251d83651aa64d4df34dde4.jpg,georges,1
f:\bifu\georges\2f5f7306fb8ef998ff4f618e2154993c.jpg,georges,1
f:\bifu\georges\2d6df2ae5550bcc98c3a3bfba0b74d20.jpg,georges,1
f:\bifu\georges\c3538936ec7a1648a4042a95b70f9b81.jpg,georges,1
f:\bifu\georges\a5564e748155c1ea13e833bd04aca05f.jpg,georges,1
f:\bifu\georges\0e9d9a8af5e298ce807351887770d445.jpg,georges,1
f:\bifu\georges\a6a45ad6584dd613fd1959d3ea959606.jpg,georges,1
f:\bifu\georges\fa645ca883115de62b4490e77f15bee2.jpg,georges,1
f:\bifu\georges\f62573438fefb60a9183f639e95326f4.jpg,georges,1
f:\bifu\georges\09db6026b9fd558deb5a75387b701eab.jpg,georges,1
f:\bifu\georges\84edf1ba1bcb6e6e84413cdbc8964765.jpg,georges,1
f:\bifu\georges\3de9d79d88120422f837793f26926527.jpg,georges,1
f:\bifu\georges\633914d5d9bdfda411bf2c37abcfd080.jpg,georges,1
f:\bifu\georges\d5087d8124c8b27c7af1cd277fe8d809.jpg,georges,1
f:\bifu\georges\423e7fa02a4eefa67f1ad07d61ee63d9.jpg,georges,1
f:\bifu\georges\dfd423b46ef93758e9ac215b504ce2d0.jpg,georges,1
f:\bifu\georges\32e5ca0f9f979a1416d125118cda5f5e.jpg,georges,1
f:\bifu\georges\3e29e4e6c77fc4a7e3b230633f8d9e01.jpg,georges,1
f:\bifu\georges\715e18e359a06d8f222a5c620f8b879c.jpg,georges,1
f:\bifu\georges\3f81866aba2d6c69a631d9a9549a4ad8.jpg,georges,1
f:\bifu\georges\0c02688cbd4407493370e9f701a40c2d.jpg,georges,1
f:\bifu\georges\451e4889d77198b1bc46112b8dfb6c11.jpg,georges,1
f:\bifu\georges\8285fe4e7f5c87188d88d6ded8fb7e62.jpg,georges,1
f:\bifu\georges\fad630cf20ecf6d5bbc1068ff6fbe323.jpg,georges,1
f:\bifu\georges\7df03518dba357e9cc9c9ce156b5776b.jpg,georges,1
f:\bifu\georges\6d2f5ddc72a8834b2148da63364969af.jpg,georges,1
f:\bifu\georges\5aa31eb0ed4c7c18e5e5ba6d94b24fc8.jpg,georges,1
f:\bifu\georges\f936a7352e30def26cd06dc3bb0c1f64.jpg,georges,1
f:\bifu\georges\779e239a5cf0a55790b8d45643f6b88c.jpg,georges,1
f:\bifu\georges\bc147d252d463ef2325163675bb70e12.jpg,georges,1
f:\bifu\georges\97047f7fc4fb5f84515e53cfc78f9a15.jpg,georges,1
f:\bifu\georges\e20bb658da5f92be003210a1d42134ce.jpg,georges,1
f:\bifu\georges\5b832c2287b15bc1ac54dff85dc29097.jpg,georges,1
f:\bifu\georges\7e3096fa9a3ce2496aa046bc7df61d50.jpg,georges,1
f:\bifu\georges\e8bd70fb6b5e837eb8ccf9255b7bba0e.jpg,georges,1
f:\bifu\georges\73c1425a898757ae05823baba1d4f2a6.jpg,georges,1
f:\bifu\georges\cfda63f1bc386b053e9a9a5e6871a672.jpg,georges,1
f:\bifu\georges\8187e1763584029e37e338f1b7f73da6.jpg,georges,1
f:\bifu\georges\e397abb68f0e8a28b68e2f6159f81cd3.jpg,georges,1
f:\bifu\georges\f1c3f565c17e67ca35c270054baa716e.jpg,georges,1
f:\bifu\georges\b6e7072f90b8823575067f6a42f7d1eb.jpg,georges,1
f:\bifu\georges\840e8004ab82bdf64c0002e974d27e87.jpg,georges,1
f:\bifu\georges\115d23793a703786d35dfc87275a5caa.jpg,georges,1
f:\bifu\georges\22f6c813bac8f42ce7873324ff34727b.jpg,georges,1
f:\bifu\georges\6eeb7226fd29c46e01ec3364cd8bf104.jpg,georges,1
f:\bifu\georges\74674d48c772affcd3275e737dc6787a.jpg,georges,1
f:\bifu\georges\c4ac26e42ca6cf30ce808fc285689d4c.jpg,georges,1
f:\bifu\georges\ad880c1ce0c3149c2b60b53ba17768f7.jpg,georges,1
f:\bifu\georges\3a2191378ad6a80fa87df43b26fff7ab.jpg,georges,1
f:\bifu\georges\4d2580433f4fd26efc149f451b99200b.jpg,georges,1
f:\bifu\georges\13779f55edffa4a341a7b709c442c349.jpg,georges,1
f:\bifu\georges\abc3dfe5835e01f1b059ae510e3d4b7e.jpg,georges,1
f:\bifu\georges\8cd5c1092eea34761e9bbf9ca4ed0ffe.jpg,georges,1
f:\bifu\georges\aa3fa57eb2f2e16a7417feb32f1a8d46.jpg,georges,1
f:\bifu\georges\e3949408854f453c4beb0bea03a745ce.jpg,georges,1
f:\bifu\georges\b70926bc15a4b5855a7135af5423f60e.jpg,georges,1
f:\bifu\georges\8d70f8706c18ae19956df5868f5c8dc6.jpg,georges,1
f:\bifu\georges\cc21c17fa57abbb6ba2f9a40fa333425.jpg,georges,1
f:\bifu\georges\9d03252fe5eca1c75ce25205b2e1b76b.jpg,georges,1
f:\bifu\georges\069e1ae106d56ff03bc8d0780013aa2c.jpg,georges,1
f:\bifu\georges\01a351d6d01d9a525a11e75e32942c68.jpg,georges,1
f:\bifu\georges\1722d6593e82d11a436b3b388292b4a5.jpg,georges,1
f:\bifu\georges\633f1ecbbaa9112315fec023803a5a5d.jpg,georges,1
f:\bifu\georges\808121a102c155a7ed194c779be27e17.jpg,georges,1
f:\bifu\georges\8e23f49b75ad62c2d61eaad486ad3e7d.jpg,georges,1
f:\bifu\georges\88ce5d0db2a29138f39cdb10707b0fb5.jpg,georges,1
f:\bifu\georges\8c177680e0eee4a3a2da88f0127275ee.jpg,georges,1
f:\bifu\georges\e8d90e16a20551ecddf4eae6b98e3279.jpg,georges,1
f:\bifu\georges\908078f0cefa176ccd25721742fc9a11.jpg,georges,1
f:\bifu\georges\55bfec73367f04fa5595bce9028b0c29.jpg,georges,1
f:\bifu\georges\8d32364b033ddbdd4de179e95f9d4cd7.jpg,georges,1
f:\bifu\georges\cf107c3c2cecdf85d04d04e8c3f8975d.jpg,georges,1
f:\bifu\georges\fa0b1eb6fcd5d32ec5ba939356c360a0.jpg,georges,1
f:\bifu\georges\3b2beadbf67ce5be1ed85efdeb6035a1.jpg,georges,1
f:\bifu\georges\ff725a4140051071ec05178fc54c8a77.jpg,georges,1
f:\bifu\georges\76f5b6d9299bb5a9040fbe8e4dbffb80.jpg,georges,1
f:\bifu\georges\176f4554ab543a96c3953c57d89b51af.jpg,georges,1
f:\bifu\georges\d9a2eefce9413d59e510f1896266d760.jpg,georges,1
f:\bifu\georges\78c945d69efc493895739179268244e4.jpg,georges,1
f:\bifu\georges\178e1b18160a7442f1afff01fc70f3c0.jpg,georges,1
f:\bifu\georges\455722b61cbc11c67a54575de5bb7150.jpg,georges,1
f:\bifu\georges\7bc1d040c2c56c09fd0881756387965c.jpg,georges,1
f:\bifu\georges\b45b0d44c178ee7dc559c1ee0c7f2c51.jpg,georges,1
f:\bifu\georges\edf0101b6ce9fb12ecdcdb49008204fa.jpg,georges,1
f:\bifu\georges\ac4c5db005ce141a0c617184f047c36e.jpg,georges,1
f:\bifu\georges\7dee20443c54bec4c7d066727cc00f48.jpg,georges,1
f:\bifu\georges\74256f41648d49161b3279d5477fe1dc.jpg,georges,1
f:\bifu\georges\2af869b0044e9fad1408a354d759b75e.jpg,georges,1
f:\bifu\georges\61acd139ca8efb6bf9e749d27029880e.jpg,georges,1
f:\bifu\georges\fe2e7959dd0197a9b366e1dfee36c041.jpg,georges,1
f:\bifu\georges\6f05881cff480248896e226effea7772.jpg,georges,1
f:\bifu\georges\494e342943cc4836047eef9e91ae0d30.jpg,georges,1
f:\bifu\georges\58e06333d1fde988870922094c7b0dcf.jpg,georges,1
f:\bifu\georges\86064f5497ac0f0cd50c0962c7629783.jpg,georges,1
f:\bifu\georges\0e53c2a76ed569ecdd2ee15103795025.jpg,georges,1
f:\bifu\georges\1bc29a1b7dfee1fc502233f329b8175d.jpg,georges,1
f:\bifu\georges\4c2eb552988cd286d828dd272174960b.jpg,georges,1
f:\bifu\georges\85c1dd1ffdb7ad0d891406a8edbdda44.jpg,georges,1
f:\bifu\georges\8f1efe6d4198e064ec5ca125184b0218.jpg,georges,1
f:\bifu\georges\299eabf689c7fada8b5885e2bf41354d.jpg,georges,1
f:\bifu\georges\84c27fbfa161fc445c0dd277ae2f5a12.jpg,georges,1
f:\bifu\georges\7242b36419a4e0f2341e66aeed6f223a.jpg,georges,1
f:\bifu\georges\4e96755a379e5742ee8ebc476ee6a1a6.jpg,georges,1
f:\bifu\georges\d32fb12aab694c691ee0e3af88626c9b.jpg,georges,1
f:\bifu\georges\6389c99604e328896df5777cd0eb9ae3.jpg,georges,1
f:\bifu\georges\1374180e66682d04917a1b817e0bad4c.jpg,georges,1
f:\bifu\georges\c2830e3ce665ec8370d5867ce2dfb4df.jpg,georges,1
f:\bifu\georges\346104e380d3194e2fbe23e108500d61.jpg,georges,1
f:\bifu\georges\39411775cd4347ebe094d983ac448554.jpg,georges,1
f:\bifu\georges\bb1ee0efa5c6f5e2ef181dbcc541d772.jpg,georges,1
f:\bifu\georges\528277e4356608f2ef785a1773a5a786.jpg,georges,1
f:\bifu\georges\26a27da36ac8850a85174436c6f31b62.jpg,georges,1
f:\bifu\georges\f09d329f883d2869f29159b94675a78f.jpg,georges,1
f:\bifu\georges\5dbe4eccb60d85992538ce4fd71197de.jpg,georges,1
f:\bifu\georges\8c16a4b521235efa96b9addcf0dc7993.jpg,georges,1
f:\bifu\georges\23d79a09c8564e2346f850e57d47b300.jpg,georges,1
f:\bifu\georges\8faad6578491c4bd57eea2d8ccd055e4.jpg,georges,1
f:\bifu\georges\960fd26d0aa62324e72b3e587ab20c9a.jpg,georges,1
f:\bifu\georges\bc013cb69fe34e841c977654ef6b5e75.jpg,georges,1
f:\bifu\georges\7555f89d79b7b14de11206c24f9aaa94.jpg,georges,1
f:\bifu\georges\2b3ef82199c9ff686036b4df262cf6c4.jpg,georges,1
f:\bifu\georges\dfe7799edd048bbdcb910b6d29677aa4.jpg,georges,1
f:\bifu\georges\523b345b5043efab8c72f23b6d5f476d.jpg,georges,1
f:\bifu\georges\49c7eb83067360029007a61db7e42a79.jpg,georges,1
f:\bifu\georges\afa8d2b9243cdbc0b01fb4305029a924.jpg,georges,1
f:\bifu\georges\252ea0029feecf1b7b2297418d0c03c8.jpg,georges,1
f:\bifu\georges\83702b2a363a54f54550cb0fa883f143.jpg,georges,1
f:\bifu\georges\10030c9d1125fd23c07b02a61c22fc0c.jpg,georges,1
f:\bifu\georges\3bc4567a2068db48da1b155d0bd875ff.jpg,georges,1
f:\bifu\georges\fd25976e1c6aa5170292616337cf328f.jpg,georges,1
f:\bifu\georges\2c38bf331344361e29f5a5d14d3d1080.jpg,georges,1
f:\bifu\georges\441f2b3575cb73b0b24e7578ace5cf52.jpg,georges,1
f:\bifu\georges\816054e58bac6909f0fdc984f52d31eb.jpg,georges,1
f:\bifu\georges\d343b328be977dbab9e53e6361ec5721.jpg,georges,1
f:\bifu\georges\19400f86de469bee98cb9bf50d9856b1.jpg,georges,1
f:\bifu\georges\d390df46fb204352e3609dc835767bf9.jpg,georges,1
f:\bifu\georges\71aec973982a3166cb8b4c79beab2c74.jpg,georges,1
f:\bifu\georges\f02860084f298aca9469f809d8afb897.jpg,georges,1
f:\bifu\georges\80fbea9567526c2f14cf9cefb679fbe0.jpg,georges,1
f:\bifu\georges\60d03bc42837019ba315f8a182ac2b86.jpg,georges,1
f:\bifu\georges\c4c15af740ca8238d99c22f0b4274454.jpg,georges,1
f:\bifu\georges\50e2ae2a95ec660bce3f82dc23ef765e.jpg,georges,1
f:\bifu\georges\387fe447bde4fa3f288f382c5d3e32f8.jpg,georges,1
f:\bifu\georges\2763708765eb5ffdeb9305656e0a3618.jpg,georges,1
f:\bifu\georges\f76b4fee0d85f138117e500e544a28d6.jpg,georges,1
f:\bifu\georges\11e725bf8a8945b8dfdf965b880cc956.jpg,georges,1
f:\bifu\georges\e298929434c521e34287f56699964601.jpg,georges,1
f:\bifu\georges\ad46d447641e05c6b9cc7ec48308dda1.jpg,georges,1
f:\bifu\georges\92fc93f4930e0911602f0194f609ed07.jpg,georges,1
f:\bifu\georges\8e4d27e6eaffb7da9a123b15d32b6d6c.jpg,georges,1
f:\bifu\georges\263e911da14eafb774f20200b11c23ca.jpg,georges,1
f:\bifu\georges\feb8e3fcc68a73117a705c088cecfdbd.jpg,georges,1
f:\bifu\georges\406e4e4200a15dfc5fb9b4db592179f0.jpg,georges,1
f:\bifu\georges\d0a354436130c753aef12948ec5ee7b7.jpg,georges,1
f:\bifu\georges\12fd2bbe23a25bc50d38346091f40c1f.jpg,georges,1
f:\bifu\georges\2b8854bdf57591bb0d098ca4ab829164.jpg,georges,1
f:\bifu\georges\e8a4aeb28113715628517431e6ece5fd.jpg,georges,1
f:\bifu\georges\6187ce0f9cebb3ae6f0858b9c774606c.jpg,georges,1
f:\bifu\georges\569ef1a69467015f6a8e8d003c920ba4.jpg,georges,1
f:\bifu\georges\e945ad16fd62fd433e4c577df2328588.jpg,georges,1
f:\bifu\georges\bb5cfc64551f7b6eb95b8970161f50ad.jpg,georges,1
f:\bifu\georges\01fa6f6ee89e05957cb30a23b17db813.jpg,georges,1
f:\bifu\georges\443c33690a7bdfd020a7215943572e71.jpg,georges,1
f:\bifu\georges\ce99d4ef06fb4b247138e84c894ef89b.jpg,georges,1
f:\bifu\georges\0153dbf9d4484a990b1d183825679bc9.jpg,georges,1
f:\bifu\georges\9d0498d012061fe0606b1eace5892058.jpg,georges,1
f:\bifu\georges\fba03f643d2836b6f174fc7c395b5bb9.jpg,georges,1
f:\bifu\georges\9a8d1f329f6fdcc798482b282901e2ce.jpg,georges,1
f:\bifu\georges\e50535a6e26379f0965ed02d8a2dfb73.jpg,georges,1
f:\bifu\georges\d03e3fb60c1b4a1610510f74d7bcf75e.jpg,georges,1
f:\bifu\georges\031087b51ead0d1d6fb4b68242e4defd.jpg,georges,1
f:\bifu\georges\8e92e19c4db7f8a04bf019a7825521eb.jpg,georges,1
f:\bifu\georges\868447a5d4c8aafd3c132adc526bd493.jpg,georges,1
f:\bifu\georges\6c83a36e77db2895c9d8528fd02a84cb.jpg,georges,1
f:\bifu\georges\8822d88643455640a13779fcabfd0563.jpg,georges,1
f:\bifu\georges\7c6ba3af6b8eaf2af32cba7ebab78a0a.jpg,georges,1
f:\bifu\georges\7ca1ad1db92a68ccad5e16abcdfd8005.jpg,georges,1
f:\bifu\georges\1627e4417a04522da5fe84f6012dcfdb.jpg,georges,1
f:\bifu\georges\f9553faf817587264223480c89815752.jpg,georges,1
f:\bifu\georges\fa6840e5e62efdbab14ee43f849ea4de.jpg,georges,1
f:\bifu\georges\e2c9142403959291dc9768d9ec2a6b8b.jpg,georges,1
f:\bifu\georges\20686a49e0fb6735c7fdf2ded81fa272.jpg,georges,1
f:\bifu\georges\c894f73f6ae41298f21d0c074bc58b37.jpg,georges,1
f:\bifu\georges\e9543cb29f13b696548991caef887407.jpg,georges,1
f:\bifu\georges\f173b13d8826f7c3af1b9f151de8251d.jpg,georges,1
f:\bifu\georges\8bdfe9f95b4fab091fa763c8bf1f7b50.jpg,georges,1
f:\bifu\georges\9b698bdf8cfe12e87d17a2c46c23fc9a.jpg,georges,1
f:\bifu\georges\948ab68341a1cd5e624ab128d3da1394.jpg,georges,1
f:\bifu\georges\5a0378b231878879f037ba6b8541735f.jpg,georges,1
f:\bifu\georges\1b8d38dd862dfaf90a83c14b57a0b6d3.jpg,georges,1
f:\bifu\georges\fd838bf321069205ba525dc488441928.jpg,georges,1
f:\bifu\georges\e757b9b76f8d633417d97ef04980b4d2.jpg,georges,1
f:\bifu\georges\1cde38876765dea79980b4ac24f69b94.jpg,georges,1
f:\bifu\georges\d4fc6f1c3e32614923f260f4aa46d04d.jpg,georges,1
f:\bifu\georges\cae321df7a99ec4aedf245ec89360977.jpg,georges,1
f:\bifu\georges\bb012d0224ec98b02f164bdb09b1f1c3.jpg,georges,1
f:\bifu\georges\e0446fc34bc1cd9ae6247702c23cf69c.jpg,georges,1
f:\bifu\georges\a9b04e6316ecf2922cd6bfa03ca411c1.jpg,georges,1
f:\bifu\georges\20c945e20ec0871bc5d22b1de99a269c.jpg,georges,1
f:\bifu\georges\a71bc296af3f3ab104174d2897f07182.jpg,georges,1
f:\bifu\georges\2137d68d506fb50e6010ad1dc58dea77.jpg,georges,1
f:\bifu\georges\ba46b2fb531e0823725cce0097a32380.jpg,georges,1
f:\bifu\georges\4d9c68e32563d686f39c26ffdf25d22f.jpg,georges,1
f:\bifu\georges\02154f7e75289f8eeb0d055e43f1302d.jpg,georges,1
f:\bifu\georges\63a1716d136bdd5a4625e99da249a6e0.jpg,georges,1
f:\bifu\georges\5bc23ebbc4d8ea5ab87fbdc82e5d8bc9.jpg,georges,1
f:\bifu\georges\0c910bc215a939b013b86ef8920d0943.jpg,georges,1
f:\bifu\georges\0fd3d0123749b109db3a7fd94ea21924.jpg,georges,1
f:\bifu\georges\9bd6707b1e6d2422037ca5d7fbf4615d.jpg,georges,1
f:\bifu\georges\6efa0a8b22a42a9e318c0fd348669537.jpg,georges,1
f:\bifu\georges\4de6a07aad8ed73ed9aac86cfb0a2141.jpg,georges,1
f:\bifu\georges\c1ab0ca5b1da1dd74bd7501abaa6c2a7.jpg,georges,1
f:\bifu\georges\806a31fe17ed03f5fd7d05e9f598a95c.jpg,georges,1
f:\bifu\georges\bceaf662fc18b74143c31eca9df639ed.jpg,georges,1
f:\bifu\georges\d8f36cd87489f3443bff01a699038118.jpg,georges,1
f:\bifu\georges\71ecaaa6871365e423cacf60f7398314.jpg,georges,1
f:\bifu\georges\4a6950f12499735eb1ba4bb48f64dfa8.jpg,georges,1
f:\bifu\georges\588dc3a9ea9c6ae3201357607597de17.jpg,georges,1
f:\bifu\georges\b75c9383495af34a1cb38243d178b82d.jpg,georges,1
f:\bifu\georges\01516a9a358b7196b18236017750faf8.jpg,georges,1
f:\bifu\georges\75f3d2b600c135b3f9a3525a9f0d35a6.jpg,georges,1
f:\bifu\georges\6992262c606917ea8a1c562c0fbfdfc8.jpg,georges,1
f:\bifu\georges\f9d97607d40a39a668cd57dd107ec1c5.jpg,georges,1
f:\bifu\georges\58a0a92f33c9d3aee1670d24c9d0b652.jpg,georges,1
f:\bifu\georges\8534ab1a46efa470cc4e501fadc454da.jpg,georges,1
f:\bifu\georges\2475f679617674a8891547c89b77d261.jpg,georges,1
f:\bifu\georges\27caa22f093182508e70d7fff0b6ade6.jpg,georges,1
f:\bifu\georges\54926b4cd2c0c73185f69791d47b4f66.jpg,georges,1
f:\bifu\georges\92f4806ea9242216a7f9992736269d3b.jpg,georges,1
f:\bifu\georges\c88c9f7cd0ca43ea03d056f4b80404fa.jpg,georges,1
f:\bifu\georges\46fca6f4263de1e52209d60218441fce.jpg,georges,1
f:\bifu\georges\e7595d4cef19071905e857e1bb4f3c3c.jpg,georges,1
f:\bifu\georges\550a7f7941a4fe7d8cae65b2d41cfda4.jpg,georges,1
f:\bifu\georges\4ba335ab588056143dec0b454159c366.jpg,georges,1
f:\bifu\georges\a1bc52da1456b3f59f0e7cb76a292937.jpg,georges,1
f:\bifu\georges\07fb4e357af94f9cf4fdae41689ee0ec.jpg,georges,1
f:\bifu\georges\bf9b2795710d16e4acc94a58dc18d246.jpg,georges,1
f:\bifu\georges\b064eaafa46f472cb4dcc98d212c64a0.jpg,georges,1
f:\bifu\georges\f7f85dee9eabc1c6ab122720c8994716.jpg,georges,1
f:\bifu\georges\cfbef46b1c09ba0f8f1a1b299b36a55b.jpg,georges,1
f:\bifu\georges\df2078a9d89bb737d37d15b2b4bc1b22.jpg,georges,1
f:\bifu\georges\6b4aeb7d3374e6010f69fc430026a9ba.jpg,georges,1
f:\bifu\georges\116ea1f9969b2b3a0c75ad2474f7d305.jpg,georges,1
f:\bifu\georges\0174ad90fad81e8632464a7403cada1f.jpg,georges,1
f:\bifu\georges\7bb99b71076479a6fd2667d516d84dae.jpg,georges,1
f:\bifu\georges\ca4e119cbbc1c4f4c619c8d3f95c330f.jpg,georges,1
f:\bifu\georges\f53ad2a1704540e6308c249fed990b8e.jpg,georges,1
f:\bifu\georges\147bd20e7aaa4e67262d4830a5d6fb2c.jpg,georges,1
f:\bifu\georges\0c6b5881980cba088af0da50d1c09537.jpg,georges,1
f:\bifu\georges\c3de786cc30750f4deef20e9a004821c.jpg,georges,1
f:\bifu\georges\1a5962b4bc52f85399bebfaae21b725f.jpg,georges,1
f:\bifu\georges\e6a6e585775c2c566125b5b3a24d7c30.jpg,georges,1
f:\bifu\georges\02308c0d2b9d80b66eae5746eb8d4245.jpg,georges,1
f:\bifu\georges\71b0c9aa03afb635cad4520236027d51.jpg,georges,1
f:\bifu\georges\f301f9d2738b74fb1e0445d3e951814a.jpg,georges,1
f:\bifu\georges\315cf846d67726d55f0c3661d778180f.jpg,georges,1
f:\bifu\georges\66fa6e0a5791df55abce92692beeec5c.jpg,georges,1
f:\bifu\georges\bf02539bb6b0070ca1ab1491ef24a051.jpg,georges,1
f:\bifu\georges\ed4f5fa4c34b4bc98c1d1065dfee15a4.jpg,georges,1
f:\bifu\georges\9e4c0c5c8a741026ec2cf4977e33bc31.jpg,georges,1
f:\bifu\georges\dcc3e5dcc8072247ac138e2d87cc0cb0.jpg,georges,1
f:\bifu\georges\d2655b02e3b404c66f55d3481b613c7b.jpg,georges,1
f:\bifu\georges\d7b0bb28c63f1af617b8535b6c22ef7b.jpg,georges,1
f:\bifu\georges\531e756d9dbd9dbf0b2c1c04faddee43.jpg,georges,1
f:\bifu\georges\1716cf54db47866f697ddf83adea0fdd.jpg,georges,1
f:\bifu\georges\5dd03c7501f045a30ec981e4e58c785e.jpg,georges,1
f:\bifu\georges\d98dcd84aa148cb4fc8be2b37196e5a7.jpg,georges,1
f:\bifu\georges\a1d4942276151d78463abe2e0fcf5859.jpg,georges,1
f:\bifu\georges\2ff3b31bec0166638cde3675ebb82e2c.jpg,georges,1
f:\bifu\georges\17aff5315b84f0d78f0c67af27bce012.jpg,georges,1
f:\bifu\georges\0ea9ce355f222cafef98f8b045becc77.jpg,georges,1
f:\bifu\georges\9f50fc09b2630a72214fe644bf20a067.jpg,georges,1
f:\bifu\georges\dd28845e054b25e0dacccef3ced61ad8.jpg,georges,1
f:\bifu\georges\cab93f9f0169178def444b83a5cd5960.jpg,georges,1
f:\bifu\georges\ce986bf84e138580373c45039fc8a2b6.jpg,georges,1
f:\bifu\georges\4fb4cdc7a9445dabe79a0e0e685b33eb.jpg,georges,1
f:\bifu\georges\f27c4897c0fb4987945a3ac69db25c2e.jpg,georges,1
f:\bifu\georges\1b9bd09b7ae7edc815d9c0b864789d57.jpg,georges,1
f:\bifu\georges\3c690e8206e792cd92ef5abfa64fc285.jpg,georges,1
f:\bifu\georges\24fc4246ea824fa1e7a1850f018badfd.jpg,georges,1
f:\bifu\georges\5a2414a96a25266b5c6a80cff5d154ea.jpg,georges,1
f:\bifu\georges\72dbe3b2b5718133e54d67a07404691a.jpg,georges,1
f:\bifu\georges\698de776dbf2b32e1d3c95a0721707ff.jpg,georges,1
f:\bifu\georges\f08899a36f820065968ac2e88dd7929c.jpg,georges,1
f:\bifu\georges\b484798c698e08111629666a884c4a63.jpg,georges,1
f:\bifu\georges\9fbc59b1799f3e4e15a24132b9f3a6a6.jpg,georges,1
f:\bifu\georges\d3af78b41b1b9f2f88bea096dc93eb92.jpg,georges,1
f:\bifu\georges\b5639027ed3f89687b6d4bc64d863bd2.jpg,georges,1
f:\bifu\georges\a6e490c394d4b82930a94905949e8663.jpg,georges,1
f:\bifu\georges\7f59be51acff388347ea5a5f2dff6826.jpg,georges,1
f:\bifu\georges\b826044a4250dd249743f50eaecdd3db.jpg,georges,1
f:\bifu\georges\2cd46aca0aa08c738aa24a632baf1f20.jpg,georges,1
f:\bifu\georges\9d838bea909bfdf9be86887922048205.jpg,georges,1
f:\bifu\georges\e09ca999dcf2295589f1af49baec3e31.jpg,georges,1
f:\bifu\georges\f2f6067784f636f768c2baf47e04622c.jpg,georges,1
f:\bifu\georges\64ab612dd9df173c1284753ba79e04d7.jpg,georges,1
f:\bifu\georges\eaacb500788f2ebdec45858aabe0d288.jpg,georges,1
f:\bifu\georges\586546d7e2b6fed279a74e109bc3221d.jpg,georges,1
f:\bifu\georges\c9ea0a273be425bc3889a6aa04b118ea.jpg,georges,1
f:\bifu\georges\9d57fc668404ffe7fb4535b75bbeb76e.jpg,georges,1
f:\bifu\georges\7582290c4bcf0cda4e920b64837fb409.jpg,georges,1
f:\bifu\georges\d5bb22246f72b6f075b4c41c0aff2507.jpg,georges,1
f:\bifu\georges\e6676be8abecb328613f9eb5602d3dea.jpg,georges,1
f:\bifu\georges\9ee56035851392608b49c58d6e44482d.jpg,georges,1
f:\bifu\georges\90781de9672f6d989accf325272a77e0.jpg,georges,1
f:\bifu\georges\625431e1b5a2d690781d724597f459ed.jpg,georges,1
f:\bifu\georges\6776fb3757a841e8d83246f5dd5f8d5f.jpg,georges,1
f:\bifu\georges\25f989b67cf4718e3c0145ded599e52f.jpg,georges,1
f:\bifu\georges\d66d210adcebf813351379512aeb9a53.jpg,georges,1
f:\bifu\georges\648e295603ac78df7288749b5296617c.jpg,georges,1
f:\bifu\georges\9a0f085684bebb9cf57ba10a771420d6.jpg,georges,1
f:\bifu\georges\11c277f08b0e62527a491863597cae46.jpg,georges,1
f:\bifu\georges\552881d6b009d3abd5dbf75c48e35108.jpg,georges,1
f:\bifu\georges\a9ab7a38364a2c84b2dd283b257c3323.jpg,georges,1
f:\bifu\georges\10cb525746340a6f2e1fef13baa567b4.jpg,georges,1
f:\bifu\georges\3cbc2bb2e2a6dd14d3f43456df5ab2d6.jpg,georges,1
f:\bifu\georges\9e81c732ef83ed85f6724020aec74b5a.jpg,georges,1
f:\bifu\georges\22c5b45267c808d263f07e6569724a66.jpg,georges,1
f:\bifu\georges\9d83c68ba3aee0b51cc4c07c8569ef10.jpg,georges,1
f:\bifu\georges\a4f56e0669c25cb0fce4a129179cb5df.jpg,georges,1
f:\bifu\georges\4201f43a37b7f116a411710f174bba08.jpg,georges,1
f:\bifu\georges\0ae6d5b5d8e6069cb52060b5fe9f7eba.jpg,georges,1
f:\bifu\georges\bffe8cb936a7a7a92afb3c20ea1a0ce4.jpg,georges,1
f:\bifu\georges\cf0c4aa00bbd48d01a742927916da16b.jpg,georges,1
f:\bifu\georges\58c8dc904317f2dfbfd9926116fdf5c1.jpg,georges,1
f:\bifu\georges\955d5edfa0a48b285329f8866407d5e7.jpg,georges,1
f:\bifu\georges\b477641fbb03ad5e40ee0c9991363a09.jpg,georges,1
f:\bifu\georges\1478c8bae670692666801a611183632f.jpg,georges,1
f:\bifu\georges\512a9234cd384948d4e22e45f72101f3.jpg,georges,1
f:\bifu\georges\e6a7cc134bf99f05ea67d278a964f9ec.jpg,georges,1
f:\bifu\georges\16e4cc93e13468ffcb2835e3b41237f9.jpg,georges,1
f:\bifu\georges\ec6738ebcd4df3f41614aaa2a2ed4417.jpg,georges,1
f:\bifu\georges\b4cb1056afa694e406486e893c34c427.jpg,georges,1
f:\bifu\georges\b019820f561f6de06469e1e318e89c15.jpg,georges,1
f:\bifu\georges\01cd39528965c78e119e6629adfa99f0.jpg,georges,1
f:\bifu\georges\fe4c002ae20106489fe7f6c623837ebe.jpg,georges,1
f:\bifu\georges\960d7b86812fb4b68c86dbb3071690ba.jpg,georges,1
f:\bifu\georges\5a588bc5136d15db2914548aeb6d50ec.jpg,georges,1
f:\bifu\georges\a65ff2320fccb6f11f41fb401a931889.jpg,georges,1
f:\bifu\georges\a6235e7439e630b9886fc2421a9c6f32.jpg,georges,1
f:\bifu\georges\ff02069cdd33944c6be293d8c92a6da9.jpg,georges,1
f:\bifu\georges\9458d6452ce32e6c2d663c5efb2a0dae.jpg,georges,1
f:\bifu\georges\55925f07acef2a51ce71bfddf2968b61.jpg,georges,1
f:\bifu\georges\3d876f1e85877cde6da76f77fd9c2cfc.jpg,georges,1
f:\bifu\georges\4c2e788c23efc5ce12b6be6b3a487c41.jpg,georges,1
f:\bifu\georges\fb5cd2602a13ea77dcf0f176340cfc67.jpg,georges,1
f:\bifu\georges\e8da17251f6e73ca890978d1b390c407.jpg,georges,1
f:\bifu\georges\4314b11af352d14da38e8797949102c0.jpg,georges,1
f:\bifu\georges\bfde89627df35a8613532922dc128b8f.jpg,georges,1
f:\bifu\georges\0f835c356e5c8c8c9b715652e175ae19.jpg,georges,1
f:\bifu\georges\5c29fb3df5d4ba42ff7da6cd714f8ff0.jpg,georges,1
f:\bifu\georges\bb08e767d89aa8827ecce1fe013369ce.jpg,georges,1
f:\bifu\georges\7e667d1cd8f08b545db22eb1d8359c31.jpg,georges,1
f:\bifu\georges\fb761aa609709fe92cbcbff7c266eee0.jpg,georges,1
f:\bifu\georges\d987bc7cefcf8b44de343e7cc9c52fc6.jpg,georges,1
f:\bifu\georges\d1fc17893839a6314010f0199b6f43db.jpg,georges,1
f:\bifu\georges\c383ad10d006bc823ae3794f6d609684.jpg,georges,1
f:\bifu\georges\0a74a65e38cf3682389f9780000e63b0.jpg,georges,1
f:\bifu\georges\98e15661d0054961b7569e125fcb643c.jpg,georges,1
f:\bifu\georges\bb81b95ac984b01b080c8f926b512397.jpg,georges,1
f:\bifu\georges\22bcda9e778e86b8cbe1055094b69edc.jpg,georges,1
f:\bifu\georges\813cec74828eb4638996bbc5502ebb7c.jpg,georges,1
f:\bifu\georges\23130a857681d4efceb46e66e40232e4.jpg,georges,1
f:\bifu\georges\fd079196e3524673d00023f6e6176ebd.jpg,georges,1
f:\bifu\georges\fcb8d73d7f4aa124b7075059b9f8c110.jpg,georges,1
f:\bifu\georges\1e6cd0fdee566b9aa84735cf43b1ccaf.jpg,georges,1
f:\bifu\georges\5bade8b348562c81184f6757c5a4c722.jpg,georges,1
f:\bifu\georges\a1cbf3ba581de1727b388a0120e95ec5.jpg,georges,1
f:\bifu\georges\e499f4fa31e75be91761b78558b3f89c.jpg,georges,1
f:\bifu\georges\38d3cb80efc69812fd6cf24c48d62bbf.jpg,georges,1
f:\bifu\georges\8b7e64fe2ab9e90b71b64cc1a490767f.jpg,georges,1
f:\bifu\georges\b3cdea4691d7dff2a188abc9a7ef4c93.jpg,georges,1
f:\bifu\georges\7d3dee70e8078c79ca44e9fee81a24c6.jpg,georges,1
f:\bifu\georges\9765e7db56d24c5ac13cc7f4c84cc958.jpg,georges,1
f:\bifu\georges\b61b449c798983ff76d308bbc83b7af5.jpg,georges,1
f:\bifu\georges\126cdb0529c3f528dd9b1d0c6c921f91.jpg,georges,1
f:\bifu\georges\892fbe7a4b20b9db312e3254c6017f6c.jpg,georges,1
f:\bifu\georges\5254bd1b848483b952e777a043e941ee.jpg,georges,1
f:\bifu\georges\235e56c5a60fe876e062aec049c1e2b0.jpg,georges,1
f:\bifu\georges\f7d114e73f4f452df5d6e9ed60ad8f67.jpg,georges,1
f:\bifu\georges\2fbb797cd3bfbb06425021e0ac6aae0c.jpg,georges,1
f:\bifu\georges\ac5add3d1b7b7a2cc1258c510f31643a.jpg,georges,1
f:\bifu\georges\89c77286f0c2140ad11a919b356424c3.jpg,georges,1
f:\bifu\georges\b82bad6a08dbf1d25da31bb6403abf47.jpg,georges,1
f:\bifu\georges\7242ced755a4c352afde3ae53f126e67.jpg,georges,1
f:\bifu\georges\61d0f9cc31008f4a58b6d09ceb5cf9a1.jpg,georges,1
f:\bifu\georges\f4f78e84d282ab4d6c15c0fc69edb044.jpg,georges,1
f:\bifu\georges\b8e7ec054204500290657e09f83d57c0.jpg,georges,1
f:\bifu\georges\856f83dfb7b47d815737b09697c70cef.jpg,georges,1
f:\bifu\georges\8d4149288519f1f8ca84ca412d9eab77.jpg,georges,1
f:\bifu\georges\eb651eb9e03badce7ee5dcc3f37cbd98.jpg,georges,1
f:\bifu\georges\3f600f8ca6dc9aeb9ddd957b57c84c05.jpg,georges,1
f:\bifu\georges\b7f8694ae1f5d3c99faa546f8041b2ce.jpg,georges,1
f:\bifu\georges\28866f6d468d20df635e83c5262bc00e.jpg,georges,1
f:\bifu\georges\49aaedf9dfc5d7e75bd715b9470dc2ed.jpg,georges,1
f:\bifu\georges\ddc3aa309459fe9197627504a40a9961.jpg,georges,1
f:\bifu\georges\720cfa7748dc57cdb72481f16976c1d7.jpg,georges,1
f:\bifu\georges\d528d35f07139b0d6c091e6668e2141a.jpg,georges,1
f:\bifu\georges\7a91911ce65fa5fe32fa34491e5742de.jpg,georges,1
f:\bifu\georges\989aaf0be4a75e7912d7f0fbb471754c.jpg,georges,1
f:\bifu\georges\edb95a744c180f073b10ad9c752b6f7a.jpg,georges,1
f:\bifu\georges\e292dd6d53494f67784f05fb0e434055.jpg,georges,1
f:\bifu\georges\cbe92a742b867e02c2e5627a6f5b798f.jpg,georges,1
f:\bifu\georges\9d800113f072e4fdc1122c8b19e7af96.jpg,georges,1
f:\bifu\georges\8c71d13cbecb788f4101894f0e684111.jpg,georges,1
f:\bifu\georges\62455a90e88515c664e15f17098a6e93.jpg,georges,1
f:\bifu\georges\5ba8fca6ac0b236317978e49c9c83f06.jpg,georges,1
f:\bifu\georges\b75a498f643bc2921b228a5acfa3d415.jpg,georges,1
f:\bifu\georges\062d975263a0e18a2f32b43b0ae86611.jpg,georges,1
f:\bifu\georges\79cda52dce7070447378535faf538a76.jpg,georges,1
f:\bifu\georges\61706272f2149639d0d9e99d8404f780.jpg,georges,1
f:\bifu\georges\96f318844c9feb2bb5b13bf15f3a16e2.jpg,georges,1
f:\bifu\georges\9e8a6202def3e7b3ee1138e6338978cb.jpg,georges,1
f:\bifu\georges\c56c15f9cfeee622e25b6d575ce4ae13.jpg,georges,1
f:\bifu\georges\06ee75ca224b37b7e67f05694b09c649.jpg,georges,1
f:\bifu\georges\2ee3dcbc97dff67dc9f4046af1544784.jpg,georges,1
f:\bifu\georges\74614414992ebd9ddf5b84a23c20e636.jpg,georges,1
f:\bifu\georges\c986cb46ff3b488e73a9600cc6f6b27d.jpg,georges,1
f:\bifu\georges\f6ceaa7efaefec30bc18ecd2ecace590.jpg,georges,1
f:\bifu\georges\dd794d9bc4992fa80c61385938bfba4f.jpg,georges,1
f:\bifu\georges\6f76b063a9fda61ee0f94ba18bbfce34.jpg,georges,1
f:\bifu\georges\d6237f4861b24545b1cab22ac8000453.jpg,georges,1
f:\bifu\georges\65bb5d0af8c8a56d067ac64ddfa86455.jpg,georges,1
f:\bifu\georges\3f41e5b87e1834ce14451b0e5d541789.jpg,georges,1
f:\bifu\georges\3db78730da5fc59fedd873dad501757d.jpg,georges,1
f:\bifu\georges\bcf201d822593a05f8e8d5751260f39a.jpg,georges,1
f:\bifu\georges\35ede9ebc42d02d5dea498d8997dda6e.jpg,georges,1
f:\bifu\georges\448198fa501a2a47fba986df578d5589.jpg,georges,1
f:\bifu\georges\12cd86fc3f56ddcdf3008915d1c8fc4e.jpg,georges,1
f:\bifu\georges\08437793e1a373e08f2e958befc6eef1.jpg,georges,1
f:\bifu\georges\6380e10717d4aa24344c0fa94448ea00.jpg,georges,1
f:\bifu\georges\c81e24d9d9bac61eec45382b8b8fbf7b.jpg,georges,1
f:\bifu\georges\ba71cb9a21587bf00dcf204cad8827cc.jpg,georges,1
f:\bifu\georges\e2d361f91a4383859c143eefdd8ee4c0.jpg,georges,1
f:\bifu\georges\ed3490ff10ada29a777b74ec0be1df0e.jpg,georges,1
f:\bifu\georges\c16cb31b100051bb887302c2bccab72c.jpg,georges,1
f:\bifu\georges\86ec1d60900dc6123f484af58671c81e.jpg,georges,1
f:\bifu\georges\f613a6d5a32250a719de1a878fad967f.jpg,georges,1
f:\bifu\georges\8e2608c5e55bbd616225b83124e7c2c1.jpg,georges,1
f:\bifu\georges\8e0dc4053410f242a18f2af5ae789e25.jpg,georges,1
f:\bifu\georges\65ba52ef1c3e8b85258cf7dbdcc98a82.jpg,georges,1
f:\bifu\georges\2426a367ff3a485de6bdfd9eeb2ca8e0.jpg,georges,1
f:\bifu\georges\d3472e2576dfba9e27d3514151b0decd.jpg,georges,1
f:\bifu\georges\54a2f09993f9f5bd16ecab7bf3a1fd62.jpg,georges,1
f:\bifu\georges\53f3e0250f5db7f5a997755dc6dd56b6.jpg,georges,1
f:\bifu\georges\50bba69fa37671dce7b32561968ab5ad.jpg,georges,1
f:\bifu\georges\e06c7050a3a114d603207eab7346df00.jpg,georges,1
f:\bifu\georges\e920f497f15e9fc6debafe1f120972f2.jpg,georges,1
f:\bifu\georges\cf1336254e000d7b29935ce9edbd0ad5.jpg,georges,1
f:\bifu\georges\11fd1b43a4fc57062630b9ce3ccc25f0.jpg,georges,1
f:\bifu\georges\6ccb8dc28bef7846230ef0bee9ca56e0.jpg,georges,1
f:\bifu\georges\be34a87549ae1c5ea7b084392fc029ef.jpg,georges,1
f:\bifu\georges\b6501ba5a5f1299cba2a252afe2752cc.jpg,georges,1
f:\bifu\georges\20c79189b9e7a4bb5ca4c49b307b397f.jpg,georges,1
f:\bifu\georges\91113ed1c3dc8a37386d99b1d1ce2dcb.jpg,georges,1
f:\bifu\georges\827d4e3e88ec8347b399871f74320646.jpg,georges,1
f:\bifu\georges\ba0f998031fcfba9e9fdbac4571efe0d.jpg,georges,1
f:\bifu\georges\806c248f8c9ac7faa0f23753a3007c30.jpg,georges,1
f:\bifu\georges\40af7eff3403d00477fbd6e7c707baa9.jpg,georges,1
f:\bifu\georges\4ba63b103db5030ba664787347b0c64c.jpg,georges,1
f:\bifu\georges\f3f8de1da39f873f1446bd863d2d2773.jpg,georges,1
f:\bifu\georges\fe5ba8823dc90dfe9609ebe306754904.jpg,georges,1
f:\bifu\georges\e9f3a24af2be907b28b4e967a4a61f48.jpg,georges,1
f:\bifu\georges\cda5d578ddf0cdcb57ca5985d9f0a8c3.jpg,georges,1
f:\bifu\georges\6583092188db4346df596015a7f25668.jpg,georges,1
f:\bifu\georges\77084c9843330accb1cee6ad81a09cc1.jpg,georges,1
f:\bifu\georges\52390982f369a6d4fd1b1c44dd43544c.jpg,georges,1
f:\bifu\georges\a0201600a06f35bc1036b2bb61920b07.jpg,georges,1
f:\bifu\georges\81e39bf6cc5c9396fbea14149cb6cc0d.jpg,georges,1
f:\bifu\georges\8c33968c4bacd90ec74ff68c54cf27de.jpg,georges,1
f:\bifu\georges\4abf83e74a94127f4bddd3f5219f7db4.jpg,georges,1
f:\bifu\georges\5851918a56f0d3f5dc12a3678b4b98e6.jpg,georges,1
f:\bifu\georges\4d9f6ea541c82deb3fc22546614d880d.jpg,georges,1
f:\bifu\georges\2cc7d641092528069a94f4dbef80f3e2.jpg,georges,1
f:\bifu\georges\f4c7a904a3a93681cd1adab443617951.jpg,georges,1
f:\bifu\georges\2b1f6f52da0a44885e6e9dad99479da6.jpg,georges,1
f:\bifu\georges\c0528557e5c3e0ac30b18f630c5b9526.jpg,georges,1
f:\bifu\georges\d1e2dfca63de7d994ad4025fad197728.jpg,georges,1
f:\bifu\georges\c4fb37cf10f13f9da3f9fb7f3fec9dfd.jpg,georges,1
f:\bifu\georges\9e2ce463f953352b2182d479119072a4.jpg,georges,1
f:\bifu\georges\d3a5f6710ed46a5e901979ad956d510f.jpg,georges,1
f:\bifu\georges\30da05cfc6f847b08df77ed0990d3e96.jpg,georges,1
f:\bifu\georges\fda7a44e6372fbbc6336e66bac1f47e7.jpg,georges,1
f:\bifu\georges\d482eedaea36fe75832df6ca57aae488.jpg,georges,1
f:\bifu\georges\045fee4943311234603fb1b63fd2aa3d.jpg,georges,1
f:\bifu\georges\a87d16673f9776e29273e1626d576682.jpg,georges,1
f:\bifu\georges\7d30da088e7952a8d29e35817a65c27b.jpg,georges,1
f:\bifu\georges\6de09006db85fd60891d5ba6880b00db.jpg,georges,1
f:\bifu\georges\494a890224b4100f32d9960323e43682.jpg,georges,1
f:\bifu\georges\7029f8fda34c778b45b008043db30b15.jpg,georges,1
f:\bifu\georges\dd298d4eac9a8e2afebe6922f3f5ab8e.jpg,georges,1
f:\bifu\georges\df1e3f8b034f841f4eded0a184652ea5.jpg,georges,1
f:\bifu\georges\39e29d291d1af4a886cd7988c97958d0.jpg,georges,1
f:\bifu\georges\76cd2a1196fb59a0d734701d76a935c2.jpg,georges,1
f:\bifu\georges\0dec13fe9ecc689ef5e818f167d9f92d.jpg,georges,1
f:\bifu\georges\12ba343ef10e1c8ed70a561b257c655e.jpg,georges,1
f:\bifu\georges\5053524a247cb336426e0480e5f483af.jpg,georges,1
f:\bifu\georges\35f882362b7b88688635dc5087a61790.jpg,georges,1
f:\bifu\georges\4e4af6d8bc442c5e9924a7cc95cdadd4.jpg,georges,1
f:\bifu\georges\ec50b6c52810a191594a54e3d452e81d.jpg,georges,1
f:\bifu\georges\d289cb1aa40808226d6cb4d84a76f9ef.jpg,georges,1
f:\bifu\georges\a9efd23d8db538e7287c6e6c55d31368.jpg,georges,1
f:\bifu\georges\5d877dc17a3bde6910f51f809c7b8e53.jpg,georges,1
f:\bifu\georges\993eb19a3b5080dfd14b330e73029fd3.jpg,georges,1
f:\bifu\georges\a6590ba403c0d0edad2915aebb8427c5.jpg,georges,1
f:\bifu\georges\e8dacc9be260a604edde85b785b28b65.jpg,georges,1
f:\bifu\georges\1561d69296b93e547decb28bef2e0671.jpg,georges,1
f:\bifu\georges\de4dfca78c0afa5b711dbf503a36b8aa.jpg,georges,1
f:\bifu\georges\d02bb4f32aa948d5deacad43d13145d9.jpg,georges,1
f:\bifu\georges\c4eb7467593b5065ec0533ca88287317.jpg,georges,1
f:\bifu\georges\29f5ad7306023eff32da70444c7a338d.jpg,georges,1
f:\bifu\georges\17389ea81544f2fa4f7b99a0ec3e1454.jpg,georges,1
f:\bifu\georges\047e7c0f309363036d6978f07bc7e355.jpg,georges,1
f:\bifu\georges\d398a2d04bbdc54d0feb99c88d83367f.jpg,georges,1
f:\bifu\georges\de1d331db0881d7f87de963e1235c45c.jpg,georges,1
f:\bifu\georges\3977fe296fc83aea85b68f93011182b5.jpg,georges,1
f:\bifu\georges\9ed78d156983e1451571abb7f7d3b689.jpg,georges,1
f:\bifu\georges\853f1b5daca0fb3c3de1abb1639498df.jpg,georges,1
f:\bifu\georges\cbff09eb9db6a1c913123158c7d34850.jpg,georges,1
f:\bifu\georges\49b73433aa95fb178e045e22821d66f5.jpg,georges,1
f:\bifu\georges\ec39763bf122360160c65611213d0f61.jpg,georges,1
f:\bifu\georges\0bf5f7cc470c702e7676ff1b2c08a20c.jpg,georges,1
f:\bifu\georges\ac9d837e514fd72c557a0cd1189ca0b6.jpg,georges,1
f:\bifu\georges\23b76ffa544243da3882c1edf8f5fc6e.jpg,georges,1
f:\bifu\georges\faa1e77b5fa4ebd1a1314f2ef7d6946c.jpg,georges,1
f:\bifu\georges\cac4d4f78835478b7440f0fb9776c6ff.jpg,georges,1
f:\bifu\georges\78731dcd8648bcf613119a3f5b7a074f.jpg,georges,1
f:\bifu\georges\55990855ddb3c3f331d5eb107fe5542f.jpg,georges,1
f:\bifu\georges\e012e8281d9e3603c7751e46c8fd5329.jpg,georges,1
f:\bifu\georges\2f14e0e078283cd5e632e311d76ad890.jpg,georges,1
f:\bifu\georges\421e63c7aede91f24e1c25629535d937.jpg,georges,1
f:\bifu\georges\d1431ee44b00844d76957b76300a44d4.jpg,georges,1
f:\bifu\georges\a1aa756f87171075f9766f4994e2af7f.jpg,georges,1
f:\bifu\georges\f57917940b50ceb936030408c6426987.jpg,georges,1
f:\bifu\georges\7278201bb00f127c2c8a1b58c9cbd2fb.jpg,georges,1
f:\bifu\georges\e4f37104179b996cc0c6108a248edc02.jpg,georges,1
f:\bifu\georges\0919f324b1ec2f8826efb6a141b08537.jpg,georges,1
f:\bifu\georges\4992adca3e5cbbdbc13f09f249e02922.jpg,georges,1
f:\bifu\georges\c2a237fa4865b1e57b7cea855d16e283.jpg,georges,1
f:\bifu\georges\a4cdc13e1a13afb70af610b6e437aaff.jpg,georges,1
f:\bifu\georges\a9c63d224112cdfda44e13a949dd7760.jpg,georges,1
f:\bifu\georges\114353d746301c33fdecf7c5d0357655.jpg,georges,1
f:\bifu\georges\66ad382e3541ebadd615b5d1e614c722.jpg,georges,1
f:\bifu\georges\ece290674128cd800dacd81ffbb908e3.jpg,georges,1
f:\bifu\georges\699d696e6c34891a3f48d8cdde0f34e8.jpg,georges,1
f:\bifu\georges\c4c0fb2bab01aa22bd9a08c2d2201dcb.jpg,georges,1
f:\bifu\georges\86f6525f9a1f2dcc43880104eab03d28.jpg,georges,1
f:\bifu\georges\7ea5221109eef7a9ec7d2894c2396025.jpg,georges,1
f:\bifu\georges\c1d0192f23141103de07db6a50c79cfb.jpg,georges,1
f:\bifu\georges\de9b594ed10e9c3e87314d4102f5a00c.jpg,georges,1
f:\bifu\georges\7abd4f52bbbaaf1369ee278f246a0460.jpg,georges,1
f:\bifu\georges\234aea46762565c46c7e52f9497f9884.jpg,georges,1
f:\bifu\georges\95464a76909666378d379a5c1d8fa38c.jpg,georges,1
f:\bifu\georges\2ce2e3a22293b402f746fed9e00d50da.jpg,georges,1
f:\bifu\georges\27140c080a3c60b9c52348c06fc0d16d.jpg,georges,1
f:\bifu\georges\5e8fe00c40137d22144bc5c550269429.jpg,georges,1
f:\bifu\georges\76322419394be6b543a2736d11a8dcb8.jpg,georges,1
f:\bifu\georges\522f2d2ddef45a79bf49ff37343c9668.jpg,georges,1
f:\bifu\georges\ae2ef35dfea5fc854e0a142363fc4a92.jpg,georges,1
f:\bifu\georges\d0974f1a3a7bbf21249d0c9425f414b8.jpg,georges,1
f:\bifu\georges\614d6b2dd00d8db4ef93319c9e694525.jpg,georges,1
f:\bifu\georges\bbc88b342e9bf0cdb11ec208b9dd0fc7.jpg,georges,1
f:\bifu\georges\b286fe1a61622afe10d53590df810d89.jpg,georges,1
f:\bifu\georges\0786b7630cb252714058e6646894fe86.jpg,georges,1
f:\bifu\georges\2a5ce99cdfe2b9c15e33a2fa802e17e4.jpg,georges,1
f:\bifu\georges\b1589a2af46a69ab64330055ece1b087.jpg,georges,1
f:\bifu\georges\834f265ac56a6fa06cc9da7da70e1839.jpg,georges,1
f:\bifu\georges\9114724a8448348fedc84728f86f9304.jpg,georges,1
f:\bifu\georges\a85d542376491cc55266e8514f06d603.jpg,georges,1
f:\bifu\georges\00e5d366808afde912ec0d6f3905890e.jpg,georges,1
f:\bifu\georges\cda0c3fefd5e2bfcdefffcba37ed04ff.jpg,georges,1
f:\bifu\georges\c6f16416e9ac3cef445c76803804a3c1.jpg,georges,1
f:\bifu\georges\e05ad35c631d1f4613143f3f873f8621.jpg,georges,1
f:\bifu\georges\8a95ff0332ecd1b888b76f264b2ed000.jpg,georges,1
f:\bifu\georges\d0db6113b986a6a02abb8076d207948a.jpg,georges,1
f:\bifu\georges\840f1312ac9865b2565e1de9715c125a.jpg,georges,1
f:\bifu\georges\9c611ae2bd3af5d6ea686aef9252ff62.jpg,georges,1
f:\bifu\georges\eca9b764dede45ecca9375c23d97a9d0.jpg,georges,1
f:\bifu\georges\bd7b3bf19024c7c5965063324d5a298a.jpg,georges,1
f:\bifu\georges\4bd369f4ae432a689ed707516269d161.jpg,georges,1
f:\bifu\georges\4830c08ad8db2ae698afd59a55ab53fe.jpg,georges,1
f:\bifu\georges\71e42c4c7fe2281099840f084af67166.jpg,georges,1
f:\bifu\georges\67f2364f5913828fdbcfbdb29b3388d2.jpg,georges,1
f:\bifu\georges\eb69b3acb70ab1a68030c21e3cf50892.jpg,georges,1
f:\bifu\georges\6432f3b18b937765a0abf2c11bf0cb8a.jpg,georges,1
f:\bifu\georges\aed56ffc87d789f66350f9713f96af6d.jpg,georges,1
f:\bifu\georges\42b38432540634e371d0b9706a44df11.jpg,georges,1
f:\bifu\georges\85be047dca5bdcd1a9c512c5e78efc6a.jpg,georges,1
f:\bifu\georges\d97112c4e887cb48d61e0b5399e5ec00.jpg,georges,1
f:\bifu\georges\e976e509580bb3813d7a068900c33642.jpg,georges,1
f:\bifu\georges\2d62e8ea7022d25545a244e12f297149.jpg,georges,1
f:\bifu\georges\17b66985cae37b6a28c518f9ecb586c5.jpg,georges,1
f:\bifu\georges\c72c4b39776eeb76039b4fc74715f019.jpg,georges,1
f:\bifu\georges\1dfd3f0e3028eda030145937a31bf88a.jpg,georges,1
f:\bifu\georges\73313c0889f36d6157ac21dc5919fdb9.jpg,georges,1
f:\bifu\georges\cd817afb5aaa47d481ab34dd3f929faa.jpg,georges,1
f:\bifu\georges\264b6206821621ea4eb492e75516112d.jpg,georges,1
f:\bifu\georges\96032231be55a0a62ca3c3fa623a2d69.jpg,georges,1
f:\bifu\georges\7ad21076a9b790b3a86407e53c3d251c.jpg,georges,1
f:\bifu\georges\69a069b07674fd156cc65e24a7e4e839.jpg,georges,1
f:\bifu\georges\dc5eae5231f5079a9265e4232436d49b.jpg,georges,1
f:\bifu\georges\7ab4c30a5edce50bb60a30ed7974f4b8.jpg,georges,1
f:\bifu\georges\7ddc27172dd10ac6e5586c8cd0f8d820.jpg,georges,1
f:\bifu\georges\e6dd4cf9db754812cedc70bf3aca71d4.jpg,georges,1
f:\bifu\georges\a1efa7b2eab878538b930c35a319e9e6.jpg,georges,1
f:\bifu\georges\3760a0fca4842f9219344c52258fbeb8.jpg,georges,1
f:\bifu\georges\8f345cd49410d50299a8bb258747836c.jpg,georges,1
f:\bifu\georges\ad55ab81d39c371574000185a052759a.jpg,georges,1
f:\bifu\georges\f89e92663821462dc281c4431262acb8.jpg,georges,1
f:\bifu\georges\20caf5ba1d0c641fa019ba4ea21cb6ba.jpg,georges,1
f:\bifu\georges\41b0de78ef96df15a0386dfc5b27827d.jpg,georges,1
f:\bifu\georges\1ea0e04c6c72b67dd614357758fdb5dd.jpg,georges,1
f:\bifu\georges\8d7e77cf0f0d06f13d84ed4fdd015d08.jpg,georges,1
f:\bifu\georges\84925d9a6bfa2deab1726b87e1cfdca0.jpg,georges,1
f:\bifu\georges\af1cf8bb57a4b41fcdd440ee45ad1e5c.jpg,georges,1
f:\bifu\georges\a8e7ae6f808b2a71bc82c59a772fe200.jpg,georges,1
f:\bifu\georges\90e890f054b920308987c140125c9d19.jpg,georges,1
f:\bifu\georges\d6a53c9ee480ce8e3753863b62f69ebd.jpg,georges,1
f:\bifu\georges\2be0e2c7762793c96eb64222c570c419.jpg,georges,1
f:\bifu\georges\d7f9ca9a6b4f0f6b83b2bb9fca373ea9.jpg,georges,1
f:\bifu\georges\c3e8399189c25af428290db5bfb8aafc.jpg,georges,1
f:\bifu\georges\2261c6bebd150521a1ab903d50fe42a5.jpg,georges,1
f:\bifu\georges\6b85db52abce84382abff8f7df9fb2ab.jpg,georges,1
f:\bifu\georges\3d9e48cac99da1c43bbf75424064c5bf.jpg,georges,1
f:\bifu\georges\6ab4534dd569bd8f6a572506cc290869.jpg,georges,1
f:\bifu\georges\0665e93f3ff432e63d1760de937a665b.jpg,georges,1
f:\bifu\georges\8cb58e6e95ee1dbf59afa9d370b9728f.jpg,georges,1
f:\bifu\georges\99d47e509ce15c5c4f30d770233a0500.jpg,georges,1
f:\bifu\georges\db4e963856fdca5bc291b1312611ec08.jpg,georges,1
f:\bifu\georges\26b4b3583d810f565c163d1ae5062da6.jpg,georges,1
f:\bifu\georges\da8f365e1f204a86276ba2aab58d3000.jpg,georges,1
f:\bifu\georges\51db0386060548e2e37ff0f7bf25d512.jpg,georges,1
f:\bifu\georges\0aa58d235e3b7fb4c255efafaea67040.jpg,georges,1
f:\bifu\georges\2d76eaeb7b892c162e8ddf9d3a3b699c.jpg,georges,1
f:\bifu\georges\0a745ea8358ea9a68299eb96cfd8a306.jpg,georges,1
f:\bifu\georges\09d356540d13e1a99e2321247ff464ac.jpg,georges,1
f:\bifu\georges\da94ca5123866381ebea8c1809175e47.jpg,georges,1
f:\bifu\georges\e3196250406f1b3df63b2d6181c2f6a4.jpg,georges,1
f:\bifu\georges\7631f3eb5c83667b9db1c383f052f2d8.jpg,georges,1
f:\bifu\georges\bb880a95cd7b39a4cfd9faaeaeb5fbf6.jpg,georges,1
f:\bifu\georges\4b0b78937273c97a2e846d5dbbecff40.jpg,georges,1
f:\bifu\georges\10a6d89ccf6804553f2e52adf85e6b79.jpg,georges,1
f:\bifu\georges\febb934257ad56ac0035c56629fc6118.jpg,georges,1
f:\bifu\georges\eb21606840a25c8e82996e98ff0f6186.jpg,georges,1
f:\bifu\georges\e81e88c7463158883d2e26d48ba3507a.jpg,georges,1
f:\bifu\georges\8c4e17963092c7d5795694c848b935e8.jpg,georges,1
f:\bifu\georges\c57a1b73c2ea352e2e460d531a002802.jpg,georges,1
f:\bifu\georges\92ca9b71b77957db0a2e28ef9a348155.jpg,georges,1
f:\bifu\georges\0a8ed7889e34907885fd241d8174da37.jpg,georges,1
f:\bifu\georges\762a0656b58b6a4f8121a0a573178a3d.jpg,georges,1
f:\bifu\georges\93e64f9be48472275b1fec52e5d2d1cd.jpg,georges,1
f:\bifu\georges\ac25a28a370668b0608388096eb8eec6.jpg,georges,1
f:\bifu\georges\ee27824339c5e2f907ef7633561448e6.jpg,georges,1
f:\bifu\georges\5af64437f0c6c2d5a018b8250ead3b1b.jpg,georges,1
f:\bifu\georges\c4f4532857daa29903230cbd41c304bc.jpg,georges,1
f:\bifu\georges\ed5be5cfde068c5c410e9fd4ced49dfa.jpg,georges,1
f:\bifu\georges\a7d55d29b5d288a13d87b747c11e6afc.jpg,georges,1
f:\bifu\georges\64d49c5de6a540a45d4d1e52df36140e.jpg,georges,1
f:\bifu\georges\d8b5b0c58ed64b34919429393a1a9739.jpg,georges,1
f:\bifu\georges\16ed560db6451dd316ef40a9dc44f65b.jpg,georges,1
f:\bifu\georges\5ed2677ee2f654266e8704ff220e8950.jpg,georges,1
f:\bifu\georges\4e9b48d33dbddb042f082d6fc09fcf6a.jpg,georges,1
f:\bifu\georges\3c6fb823d7824186aa7b7a41b3786b14.jpg,georges,1
f:\bifu\georges\78da54b8fa9b7380c3ddd62914e6d5ec.jpg,georges,1
f:\bifu\georges\f9fd22efd7e61d5f7914455f0200908e.jpg,georges,1
f:\bifu\georges\ea31cce16e1898ab6e21646944bd447c.jpg,georges,1
f:\bifu\georges\f59008fc2a0800352b08a437353d1329.jpg,georges,1
f:\bifu\georges\0c2897eb3066c0df7facaeb3a27599cd.jpg,georges,1
f:\bifu\georges\4c59bc83c6e6d65263a59e583e11f262.jpg,georges,1
f:\bifu\georges\a8d93f35158aa1f957803110ef9f1bd4.jpg,georges,1
f:\bifu\georges\0abf44fa21c3c33ce0e10434d00ef3f4.jpg,georges,1
f:\bifu\georges\2d6a78423ea41caa7104dc52cd9ed667.jpg,georges,1
f:\bifu\georges\9b252aa35e4e8857eee2e9f33f6344c7.jpg,georges,1
f:\bifu\georges\e105c854562bfde2e9cfa885c991e19a.jpg,georges,1
f:\bifu\georges\3002c4098dd397cc36ce6ed68772fd86.jpg,georges,1
f:\bifu\georges\ed60aaee220b27cc38fc6921ac32359d.jpg,georges,1
f:\bifu\georges\cf51c330beb70fc188b9fc6fc5d2f240.jpg,georges,1
f:\bifu\georges\6d4f31f59ed269532593f6778e9efada.jpg,georges,1
f:\bifu\georges\95ee1fffb768957d2abf71a0ee73602f.jpg,georges,1
f:\bifu\georges\d76c81d4f275fcda09f92b223e67a4bf.jpg,georges,1
f:\bifu\georges\ed362976741cea767ff7bf74864decf1.jpg,georges,1
f:\bifu\georges\a5c9c68c5ef61d5ec9c5209e7099c16f.jpg,georges,1
f:\bifu\georges\405895aaed673fbce0d3b8c0d4ad5c0f.jpg,georges,1
f:\bifu\georges\a93a19893df2f626d1d4c9c26ad74af8.jpg,georges,1
f:\bifu\georges\441ad3d7470403334ad254f1db5e1f7b.jpg,georges,1
f:\bifu\georges\e14c9b0322acd0ecf8dd4aa6da377c5e.jpg,georges,1
f:\bifu\georges\b1fd1f3074fb571623e4e05e709becbb.jpg,georges,1
f:\bifu\georges\70240657744afea7a4d8ca90b158b388.jpg,georges,1
f:\bifu\georges\f6be951ba3d0151bbcc9ee6a6613d430.jpg,georges,1
f:\bifu\georges\8eb256a30b2cfbe5c9aa2c128101be0a.jpg,georges,1
f:\bifu\georges\ddaada1ddd04e05a0799424326521a80.jpg,georges,1
f:\bifu\georges\9f8bb84f3d519a68025f777622034ba1.jpg,georges,1
f:\bifu\georges\8028893f2b5c02b54877b8535d8cf967.jpg,georges,1
f:\bifu\georges\2f41dfbb863a33ef06217035c7f75653.jpg,georges,1
f:\bifu\georges\4ddd27a80988db0174a7b0da3b1e2f4e.jpg,georges,1
f:\bifu\georges\bd5d0ffb0aca6c5b449ebc341d5a5a92.jpg,georges,1
f:\bifu\georges\0bba1fc22d25dc84d5c595eeb3d5ca74.jpg,georges,1
f:\bifu\georges\4ac5a62d71e8900a19fe359ce5bf5b90.jpg,georges,1
f:\bifu\georges\2d34b88c633df5fd31b13cf5dcb3dc4e.jpg,georges,1
f:\bifu\georges\978672cd6b890347771151436a82f591.jpg,georges,1
f:\bifu\georges\f39bc44720eb2400856c71abbd546ad7.jpg,georges,1
f:\bifu\georges\95919f66bddf9af1cc5aa3aada93f41b.jpg,georges,1
f:\bifu\georges\0684280d6a34ba18841cb4e52eea5464.jpg,georges,1
f:\bifu\georges\da1c0ee7037498aff8318833e7439d57.jpg,georges,1
f:\bifu\georges\45a23ea63d221e5ce494374bb4aa2756.jpg,georges,1
f:\bifu\georges\f3b20a2e696bae7d09f3a006cd41bd22.jpg,georges,1
f:\bifu\georges\b806b54dd9bec4a57e1e206d1d61a888.jpg,georges,1
f:\bifu\georges\38901297d0ba56757919cf6067361b39.jpg,georges,1
f:\bifu\georges\e794f32e60475ad68874ced9169715b3.jpg,georges,1
f:\bifu\georges\e9e367ac369a6983a58151279a512bb0.jpg,georges,1
f:\bifu\georges\63be54875a47c846ff80ba187295ad89.jpg,georges,1
f:\bifu\georges\55b582a8f87dac58b0a188ae8c69bef4.jpg,georges,1
f:\bifu\georges\4fc26680615015328b01e125631c78cd.jpg,georges,1
f:\bifu\georges\f525e7a1abb6c2ba82c3335f5fbb2c9a.jpg,georges,1
f:\bifu\georges\d24dab9b00a3abbb4c3d040506b42825.jpg,georges,1
f:\bifu\georges\1749a42ccee761cc6f6be513c82068bb.jpg,georges,1
f:\bifu\georges\ef5fc3c12b3e943f38fc0b0616290208.jpg,georges,1
f:\bifu\georges\7f1d44b21116bebd546524317646c7bb.jpg,georges,1
f:\bifu\georges\a845da0140b7652cd97a54c87556be96.jpg,georges,1
f:\bifu\georges\4102f8227269e25c1160bfdce8bed5af.jpg,georges,1
f:\bifu\georges\ef4ef0b05774b507a8553e021f184e1f.jpg,georges,1
f:\bifu\georges\253188ca954aa7432de31abea0a2b174.jpg,georges,1
f:\bifu\georges\c3dd0f8d250eaacd8a34f070d4e58cfc.jpg,georges,1
f:\bifu\georges\ad3fb056fdcbaa244a4e3dfef044fbc6.jpg,georges,1
f:\bifu\georges\330081c0a80554f376a53b195c39b0aa.jpg,georges,1
f:\bifu\georges\06a39f3fd78032bad6086ed27af89b23.jpg,georges,1
f:\bifu\georges\51f966198d89816a5edd5ac29155780a.jpg,georges,1
f:\bifu\georges\0c0d71e8d500bf247ae8f984a0a5e64a.jpg,georges,1
f:\bifu\georges\395d4c1996fec284f23a5568e50d2176.jpg,georges,1
f:\bifu\georges\2cef24a55a2654afae63b3004b31c52f.jpg,georges,1
f:\bifu\georges\d694feb4e73c5f9cf2ae227f2421679e.jpg,georges,1
f:\bifu\georges\a04c5ba7eae93ace9891fc94b2784c68.jpg,georges,1
f:\bifu\georges\05459063c726d4c6bf153aca0373921c.jpg,georges,1
f:\bifu\georges\f7897b1d982193f9a5091c5f47dceb4a.jpg,georges,1
f:\bifu\georges\ebcaf58b5d319bfceec55c9a383a8c25.jpg,georges,1
f:\bifu\georges\777d0bbe2c8bd40aa4e3c445ba32e425.jpg,georges,1
f:\bifu\georges\21e6c98c4359b8fea39336afae1f1be3.jpg,georges,1
f:\bifu\georges\c5290c6584de01d4f3e14c7fd42584ad.jpg,georges,1
f:\bifu\georges\19266126aa267205567714ddfe390a0c.jpg,georges,1
f:\bifu\georges\69c3b65f175a31b236c54cecaab76c67.jpg,georges,1
f:\bifu\georges\73eb49f37e6b45bef3b109a1870531dc.jpg,georges,1
f:\bifu\georges\2503000db68e87549e72df98af8587a4.jpg,georges,1
f:\bifu\georges\0187d575c4ab17cc4a72f578ee750944.jpg,georges,1
f:\bifu\georges\0e3f6c1f557161fb4b5f21fdd1572750.jpg,georges,1
f:\bifu\georges\fd9cf2d3d84a5ace5d523b7bfcd8918b.jpg,georges,1
f:\bifu\georges\a63952e5410dcf111df32eb273fb88fc.jpg,georges,1
f:\bifu\georges\fc2f1720eaf763d1ad6706d89f358b44.jpg,georges,1
f:\bifu\georges\0bf1c31299742eef3430bd0c835854e0.jpg,georges,1
f:\bifu\georges\129ea6a0c0b9eee4dd3b81d5716629ac.jpg,georges,1
f:\bifu\georges\57d03dccd776995f3e4e01c959f5d659.jpg,georges,1
f:\bifu\georges\1a1c42f0f459571c30d5f238d49cbff8.jpg,georges,1
f:\bifu\georges\fc0e7bdd90d799651a1329a47f78df1f.jpg,georges,1
f:\bifu\georges\c0711423cae13e4173aedea71e8f43e6.jpg,georges,1
f:\bifu\georges\0fd6d000607010984da30d79c7c1bb37.jpg,georges,1
f:\bifu\georges\5e2b4eaae372c53b812ec97d614a0b9f.jpg,georges,1
f:\bifu\georges\b80bd0a7c9dd109f337bb5306faf833b.jpg,georges,1
f:\bifu\georges\f74b3b7682d10560bbefc973b80eb33e.jpg,georges,1
f:\bifu\georges\41218298fccdb61df48f9e12323260f3.jpg,georges,1
f:\bifu\georges\fd0aa2b3d68dbe602d1c03b7aa4861d8.jpg,georges,1
f:\bifu\georges\5643fd1ecfa787044e41d221cdc92190.jpg,georges,1
f:\bifu\georges\79a2026a56a34c92dca12a270a92889a.jpg,georges,1
f:\bifu\georges\54eeea7f527fbbb0e4833254eeea8b93.jpg,georges,1
f:\bifu\georges\e119d2d1ed0b5546f645faeda9485ee9.jpg,georges,1
f:\bifu\georges\721c85b74837afd266ef50539aafd1b2.jpg,georges,1
f:\bifu\georges\5f562f7cbfc6a8a6f7e3059114e36a5c.jpg,georges,1
f:\bifu\georges\cc3c3d01bd1275aa6a60aa9ff1dc63ec.jpg,georges,1
f:\bifu\georges\e8fe9d7aa8468ac9a805c581c535bb02.jpg,georges,1
f:\bifu\georges\7bb1a1200543df4bc6eb72bc57d0848c.jpg,georges,1
f:\bifu\georges\16143b214d739fa0ebbcd856b1e9aa25.jpg,georges,1
f:\bifu\georges\ba2b6000c209ac17f6a2e4d1a3faf082.jpg,georges,1
f:\bifu\georges\dcbd9dffc896005b2de1faf98695b9ae.jpg,georges,1
f:\bifu\georges\8371e8e04d6e469f45c74194f325f8e5.jpg,georges,1
f:\bifu\georges\06f1fb7eddfb4f417bffc9b0344ecdee.jpg,georges,1
f:\bifu\georges\9de825d2ba11e2bf9b63207222f72369.jpg,georges,1
f:\bifu\georges\3dcf53657f585ddfa46d7fd133fb32bc.jpg,georges,1
f:\bifu\georges\99a4c2c6464b28049f2e6eae10c577ac.jpg,georges,1
f:\bifu\georges\ec552fa0c0a050cbfdcd49be241e45da.jpg,georges,1
f:\bifu\georges\e6600470d9ec26853f1ee8285aaa0773.jpg,georges,1
f:\bifu\georges\22ad587c33462de3d05a8c1e1ed84e55.jpg,georges,1
f:\bifu\georges\55f51cf3e5659dde0c4f8e93a5cb7ad0.jpg,georges,1
f:\bifu\georges\8763dc390496130408da573cc30b7b37.jpg,georges,1
f:\bifu\georges\01f0caa8e007d558fed12cf033fda57b.jpg,georges,1
f:\bifu\georges\b2ffc60744fd6f7f5a9decfb26b04618.jpg,georges,1
f:\bifu\georges\a787b64c5a5d64054906f305fd26d8e7.jpg,georges,1
f:\bifu\georges\b8479e30b9e92647c0b9f335a5374a22.jpg,georges,1
f:\bifu\georges\99ac9f7809a1139d25cf7e54e9328eec.jpg,georges,1
f:\bifu\georges\169d13c4271d2644e4b0a33bc9d662a5.jpg,georges,1
f:\bifu\georges\d037d19ae0da20257f1cc69bf59c93b1.jpg,georges,1
f:\bifu\georges\9a816145303408c64a615b6f6a271cc2.jpg,georges,1
f:\bifu\georges\7cd9739e99b542cbc390058ae47e2712.jpg,georges,1
f:\bifu\georges\7b30783056592cde54194046cbe4546f.jpg,georges,1
f:\bifu\georges\bf7afd007be69dc3f22819b683286604.jpg,georges,1
f:\bifu\georges\68093feca23492efe1b05e3ababc0a98.jpg,georges,1
f:\bifu\georges\0cd3afd1cd69e0a7e60ca9d6c2c62b01.jpg,georges,1
f:\bifu\georges\fd7828963b0693168669274c51a5cb05.jpg,georges,1
f:\bifu\georges\1430b52d0676c0747e12cf574918c3fe.jpg,georges,1
f:\bifu\georges\1db1db6b0f9c564a4de02cd5ff0b5915.jpg,georges,1
f:\bifu\georges\574a826c832c1d53a83dddfd92319d1b.jpg,georges,1
f:\bifu\georges\0cd172bef49acb6f4714cf2fb2ce628c.jpg,georges,1
f:\bifu\georges\b64c55d511c5523797e9beffd41c9aac.jpg,georges,1
f:\bifu\georges\50d725890e6cb2ef49e549254d4ee7b8.jpg,georges,1
f:\bifu\georges\f37f0c5ba9450f94dfcdc5a4ff8141e0.jpg,georges,1
f:\bifu\georges\4f9fd1e40d0bfbead60be5e55a93ec56.jpg,georges,1
f:\bifu\georges\32b5f4ed459be6b9f4078d4ff482aedf.jpg,georges,1
f:\bifu\georges\6154baad9339998923465bfe3c1d2c9d.jpg,georges,1
f:\bifu\georges\f58cf8ca5aa8ee620457a0333cefee25.jpg,georges,1
f:\bifu\georges\2de604b9350026d39e82406cfb53fbf0.jpg,georges,1
f:\bifu\georges\aa986347fa2169decbce149119e5db3c.jpg,georges,1
f:\bifu\georges\06d7eef6b03fe549f95181527e7193dc.jpg,georges,1
f:\bifu\georges\a0d59ad1d2172aa81ea8413233b7795a.jpg,georges,1
f:\bifu\georges\c8447941d46ad282b4b0dced7d67ee41.jpg,georges,1
f:\bifu\georges\e02e4f904216c0e3c7b6347b89d7d3e0.jpg,georges,1
f:\bifu\georges\14cd8712d53c4953074cbd4cdeb9eb8c.jpg,georges,1
f:\bifu\georges\b459cde4d4eca83b7951cd78fec24d75.jpg,georges,1
f:\bifu\georges\f3ebc66c2450058321b6efb669fbf28b.jpg,georges,1
f:\bifu\georges\b4a49430f0f061365ea68efdc3da2855.jpg,georges,1
f:\bifu\georges\5162545590f31ebc1a309ced57540b19.jpg,georges,1
f:\bifu\georges\91bb8367e84080f254bedecff0e3c8da.jpg,georges,1
f:\bifu\georges\553a739519abaa90fc2eac946b9c067b.jpg,georges,1
f:\bifu\georges\afd5943cb7db318b399b9218cf7578d4.jpg,georges,1
f:\bifu\georges\7d1fa6ae20e06ac0049ad2ad4ac1cab3.jpg,georges,1
f:\bifu\georges\14a2ff7a2027ae01828b380d55bce6a0.jpg,georges,1
f:\bifu\georges\88fb883aaa20a859e8b460a9104bf783.jpg,georges,1
f:\bifu\georges\e4b920e0ea415702143e3ba1427ac31e.jpg,georges,1
f:\bifu\georges\422392c85d113a8f0528eb4100410733.jpg,georges,1
f:\bifu\georges\0835c6853d2049cbb0d69ef918792bde.jpg,georges,1
f:\bifu\georges\0a67ef257ce20427b5a55b94bcac2521.jpg,georges,1
f:\bifu\georges\1e2bd02cf216625a664f388cbbe71fa1.jpg,georges,1
f:\bifu\georges\189c1dc11826fc709d0b0fc2d0c6085b.jpg,georges,1
f:\bifu\georges\8bb2927b00cf527f8bfbc328ec992a52.jpg,georges,1
f:\bifu\georges\b2126e6db91f4f54920f77e320b0680e.jpg,georges,1
f:\bifu\georges\65e0cae1d2f28a324fa864761baa3db1.jpg,georges,1
f:\bifu\georges\0d52dc9f1c11c9c8c101ce3399cee8b5.jpg,georges,1
f:\bifu\georges\9eea5ea47b1e962fc4d0a13e04aa189f.jpg,georges,1
f:\bifu\georges\47b99a2ddcde2cf9e62b4faeec2fdf20.jpg,georges,1
f:\bifu\georges\0501021ddd0c42934f8b9b63686b60c2.jpg,georges,1
f:\bifu\georges\678cb426a957c5f28d0092835ebbef79.jpg,georges,1
f:\bifu\georges\8149f04c81b19ad223d677dc38adb32f.jpg,georges,1
f:\bifu\georges\d80dd9c6a078d25fa318665d98b278c2.jpg,georges,1
f:\bifu\georges\51895828fea2aa647e030a716f287181.jpg,georges,1
f:\bifu\georges\9548fa06aeb39c5bdece8f7699ecd5f2.jpg,georges,1
f:\bifu\georges\dd92141d40e59a49f635b68516774850.jpg,georges,1
f:\bifu\georges\50f07e6f8f66a978ecc2dd1c9b15f7a4.jpg,georges,1
f:\bifu\georges\c4225b402ca20d1586e2acd346d4d31f.jpg,georges,1
f:\bifu\georges\199b01052c90e4f3719b2338ce7d13db.jpg,georges,1
f:\bifu\georges\ead363a68237b933d9624cb165feb5cb.jpg,georges,1
f:\bifu\georges\85a4dc4054e671d9f11245cc91f73c75.jpg,georges,1
f:\bifu\georges\5672272a9e6f8b4614e820fd748ff33f.jpg,georges,1
f:\bifu\georges\fca2016d668c00fc9a452c0c224d4afa.jpg,georges,1
f:\bifu\georges\75a9742798a20423a1597a68e23cca68.jpg,georges,1
f:\bifu\georges\56ae14479d6bf88b2302ce2584d4ab1d.jpg,georges,1
f:\bifu\georges\cc89b54add0f23ef10a9f28e1499a5f3.jpg,georges,1
f:\bifu\georges\1e680310a052239e1597fb054b57d8ad.jpg,georges,1
f:\bifu\georges\dc01945e41e410379fee35b09d3b3273.jpg,georges,1
f:\bifu\georges\8f19fdf1118326d0a09e5dfff848eaed.jpg,georges,1
f:\bifu\georges\c94af16e067a9c37e72d9e7009aaa704.jpg,georges,1
f:\bifu\georges\a96aebb4bd0d9eebdb4954b45ddf379d.jpg,georges,1
f:\bifu\georges\f7b0bdd40cb27007f7ab06cd80d383e7.jpg,georges,1
f:\bifu\georges\f032a3568fcab1b2f30db5c06a1d5af8.jpg,georges,1
f:\bifu\georges\37f6cd54f0cf8428154bf7758ab5901a.jpg,georges,1
f:\bifu\georges\2259485d07d1eb69a85f187cd4af38e5.jpg,georges,1
f:\bifu\georges\ef06a03092d4789b8b2df435bd7801d6.jpg,georges,1
f:\bifu\georges\6f4592525bd1f270b80db8e380a0d861.jpg,georges,1
f:\bifu\georges\df677f8f2c0dd965d6173d7b05bcc078.jpg,georges,1
f:\bifu\georges\50b7a5f8967dbe1fb400ff2b6ace7ab5.jpg,georges,1
f:\bifu\georges\1c71c371c152a3660cca6577372ebabc.jpg,georges,1
f:\bifu\georges\2a858bad2b62ceea0416bf4852fe0870.jpg,georges,1
f:\bifu\georges\244e028e7dd70a62d4c3c9b722dc1029.jpg,georges,1
f:\bifu\georges\a23892d8192d448945fec3aebcc889d8.jpg,georges,1
f:\bifu\georges\beaf0ec51234ad55ff9eb9b7810f9d20.jpg,georges,1
f:\bifu\georges\b46fb25d7e9f36ea276f2308aed499cf.jpg,georges,1
f:\bifu\georges\1311b60573cdb5e50588d1453385852e.jpg,georges,1
f:\bifu\georges\1c676cbdc952b410cdc32fd019cff86c.jpg,georges,1
f:\bifu\georges\50260baefb569d186f9db5df0f76752b.jpg,georges,1
f:\bifu\georges\06db7e8ace6ac2884c934919296beff3.jpg,georges,1
f:\bifu\georges\98dbbf69dabf5daf443b53f4bb0bd636.jpg,georges,1
f:\bifu\georges\43627da2b17d26258e8698ea90ac23e8.jpg,georges,1
f:\bifu\georges\08ae502ff6337f3b5e0010631486d86a.jpg,georges,1
f:\bifu\georges\14a141742fee061cd1550871cbb3deac.jpg,georges,1
f:\bifu\georges\e5051185dc8ed357f0acf9ccdff8a12a.jpg,georges,1
f:\bifu\georges\36f73a5bd14c7f3bc57235b9a114f154.jpg,georges,1
f:\bifu\georges\ce3aa531f1c1d64b928eb340b5999d0b.jpg,georges,1
f:\bifu\georges\f338bb531b4650750b2b492058ea2b06.jpg,georges,1
f:\bifu\georges\4cd4e2f0ad0992f8e20f21a68860834b.jpg,georges,1
f:\bifu\georges\30f5328781e2c1a0e4e7e86827f18396.jpg,georges,1
f:\bifu\georges\3e47b311ebf96722730850456e2203e6.jpg,georges,1
f:\bifu\georges\6e298469a6c2782a60479ed1ff3b3a5b.jpg,georges,1
f:\bifu\georges\0ab8120d021692903f4580dedf01f554.jpg,georges,1
f:\bifu\georges\0196052669e65fb569a8415d8db526a0.jpg,georges,1
f:\bifu\georges\de7b599690f5bd0f9d4b0b8967e5c12c.jpg,georges,1
f:\bifu\georges\567559d4e622031c14aa114abec6c78a.jpg,georges,1
f:\bifu\georges\046fa188233e39b0a100296e7f9294a7.jpg,georges,1
f:\bifu\georges\40d2d880508846bba58655661731bbaa.jpg,georges,1
f:\bifu\georges\c99c68764a91659a66efef994b89319a.jpg,georges,1
f:\bifu\georges\4e8b08087491ea7935b6cf5ddc76f384.jpg,georges,1
f:\bifu\georges\53f0d34af3843ab169c92fde851c51d1.jpg,georges,1
f:\bifu\georges\32e55f0c98d2007440b1b111cc413826.jpg,georges,1
f:\bifu\georges\bf17b8da4a5152bd56c597203649f4b1.jpg,georges,1
f:\bifu\georges\6a12f83120d09cba9a17809f2e76b40b.jpg,georges,1
f:\bifu\georges\fb015861409baed3ad503811d1dd1066.jpg,georges,1
f:\bifu\georges\c2f6bfb64ba9633290eb13c8ef846fc0.jpg,georges,1
f:\bifu\georges\41d66c6ba5559a44d0834bd979ea99d4.jpg,georges,1
f:\bifu\georges\7ee22c5d4abe8f82b77a02c5b170698c.jpg,georges,1
f:\bifu\georges\c504db69c5ffd213b5adddf49db3e567.jpg,georges,1
f:\bifu\georges\5d786ae388b875ca69b39f1b79f538a1.jpg,georges,1
f:\bifu\georges\4198ea8e99e9c832ee2f46e53a460a30.jpg,georges,1
f:\bifu\georges\cef4d6604c4e42cafff3f33bded51c06.jpg,georges,1
f:\bifu\georges\e9a0cf034f5b0387e9a2c2479fc22f73.jpg,georges,1
f:\bifu\georges\979e2b510690575ebb88e933ae9f93c5.jpg,georges,1
f:\bifu\georges\20fa29c4bc8805238f3bd2803f934544.jpg,georges,1
f:\bifu\georges\781ae28285bfc3d328207ff86911dd32.jpg,georges,1
f:\bifu\georges\f6f9c25d5f07dd1c76a8c59bba564250.jpg,georges,1
f:\bifu\georges\bc723d64def05529babd3a917d70b4e9.jpg,georges,1
f:\bifu\georges\dc932ec92a25396aa910477dfca81d34.jpg,georges,1
f:\bifu\georges\37aab6265de7cf110bf72523eb8c97f5.jpg,georges,1
f:\bifu\georges\ae9850ab9d44d85fd623d236450458d3.jpg,georges,1
f:\bifu\georges\376d05388b36d16308c4c40b14ab21a9.jpg,georges,1
f:\bifu\georges\64d722476467ac88f596fc2b4e5084d6.jpg,georges,1
f:\bifu\georges\3156de28b74283198890f641ae151dac.jpg,georges,1
f:\bifu\georges\1e9e132ee522cab05fa52ae80cfb5e0b.jpg,georges,1
f:\bifu\georges\6e9b96ca3fb506dc7809aede46c924ec.jpg,georges,1
f:\bifu\georges\33c173fdad595291202312acb6edd0d2.jpg,georges,1
f:\bifu\georges\d3b36eefccad524578698421aa15ed72.jpg,georges,1
f:\bifu\georges\115e59f3f507196bd4acb29f18872080.jpg,georges,1
f:\bifu\georges\8ce21a26d771f70bc8c572c77e6a1064.jpg,georges,1
f:\bifu\georges\2320fa7e081f816f959a0951095e952c.jpg,georges,1
f:\bifu\georges\25175300e9ea86632ebb5b88b5b188cf.jpg,georges,1
f:\bifu\georges\8ab8b8f753556354fd86f1b336c1feea.jpg,georges,1
f:\bifu\georges\f09884dc726683e0a8a6dc433e13b505.jpg,georges,1
f:\bifu\georges\34de7e434272b750754e486cc3f55ec1.jpg,georges,1
f:\bifu\georges\1eed0b04eb01b477cd99ef621cce9ca4.jpg,georges,1
f:\bifu\georges\5e5b6ee4f13ad32c84e9c92ea5b3625b.jpg,georges,1
f:\bifu\georges\52409ce76534e5422a019ef122c4b531.jpg,georges,1
f:\bifu\georges\4e558334d11a954e0411224c4238fc82.jpg,georges,1
f:\bifu\georges\405b71384166602cbc0bd37dfb2b4136.jpg,georges,1
f:\bifu\georges\0bf90149ef312576420a09fa2d694b62.jpg,georges,1
f:\bifu\georges\47352c4b9ba7341d23121108366cde25.jpg,georges,1
f:\bifu\georges\db6c092ac3f2e57ad493d228d431564a.jpg,georges,1
f:\bifu\georges\c4088c12f2eb706451f1e22c7a2dfa3d.jpg,georges,1
f:\bifu\georges\41a05ee0dd38be89bbca2f073c19aa20.jpg,georges,1
f:\bifu\georges\229d5966408e9b698506622dd98ecc75.jpg,georges,1
f:\bifu\georges\6143df9d535953b65ba45865c140aa8c.jpg,georges,1
f:\bifu\georges\7f869d36e60e529b3573b1953f05203d.jpg,georges,1
f:\bifu\georges\14c60caa1c42dfdcfd55138f8adc046c.jpg,georges,1
f:\bifu\georges\5ed8853235c80ae6a66d7a665b82ba96.jpg,georges,1
f:\bifu\georges\1313cfb290948a5cbc17316e4d9fada4.jpg,georges,1
f:\bifu\georges\9b8daf797dda68c863a0e5106a1ecda8.jpg,georges,1
f:\bifu\georges\3ea9d4112e272b6c6ce8b48ed6155484.jpg,georges,1
f:\bifu\georges\f4b7409b167e8c13c1b3392f876f9b23.jpg,georges,1
f:\bifu\georges\ad0d4f2cb3216176ec9912914213d324.jpg,georges,1
f:\bifu\georges\dab0c33fa97a4886551391c7b760c210.jpg,georges,1
f:\bifu\georges\76d8f59ae410ca6e3193143e601c330e.jpg,georges,1
f:\bifu\georges\b4217c985a463d3526f08934e6abb5c8.jpg,georges,1
f:\bifu\georges\45014658ce620c6ebc649506fa14178f.jpg,georges,1
f:\bifu\georges\53a3a63f2a216f6626c83611dfc771db.jpg,georges,1
f:\bifu\georges\f387289e41e653dc755de9c8e5671443.jpg,georges,1
f:\bifu\georges\f3dd3201859ff67b986c4fe681788db5.jpg,georges,1
f:\bifu\georges\8e35a07fcdc1f53b4073ad7041060acf.jpg,georges,1
f:\bifu\georges\f1d65b815fdf8ca5262edda3cf674047.jpg,georges,1
f:\bifu\georges\49b2a193f2d08fccd6ca93f4f965c2aa.jpg,georges,1
f:\bifu\georges\e11670507a1931c1a300018256fe185d.jpg,georges,1
f:\bifu\georges\98f28c07fd758424e8f4ba29f77cc725.jpg,georges,1
f:\bifu\georges\92dc13c8f08dee3504532a5e44257a2d.jpg,georges,1
f:\bifu\georges\f1478265848b4d8c76875b113262a26e.jpg,georges,1
f:\bifu\georges\5a316e1774d78335c84261b89e33209e.jpg,georges,1
f:\bifu\georges\1ea7511bd83b7ba03ee7a86a9ac41ad1.jpg,georges,1
f:\bifu\georges\02a62272caeadb26d626f3eb55f8802d.jpg,georges,1
f:\bifu\georges\84a452263daf3ef0546167585195a209.jpg,georges,1
f:\bifu\georges\7435a076139b54243ba2bfd61c6776e6.jpg,georges,1
f:\bifu\georges\14df7aa9e14c13b3a3b61b6f39cb6b22.jpg,georges,1
f:\bifu\georges\608babb89d4fa47264740b49688f8245.jpg,georges,1
f:\bifu\georges\9bfc8ba9998226922add0e968ee87a0b.jpg,georges,1
f:\bifu\georges\48ac5450ea02f7f18c25f73696e690c3.jpg,georges,1
f:\bifu\georges\ff417e5f1fac8c554764ba4686a20fa8.jpg,georges,1
f:\bifu\georges\99d0e93f4159262c282c5a2da8be17b7.jpg,georges,1
f:\bifu\georges\8a76299c2ca725d450b77dd02c4413c9.jpg,georges,1
f:\bifu\georges\a60d46c728bc8eebb6f3573f62596cb1.jpg,georges,1
f:\bifu\georges\2020888024433dbf466df7390a572f8e.jpg,georges,1
f:\bifu\georges\549ab6bc39f995b4eda65518b22047a7.jpg,georges,1
f:\bifu\georges\53c79c6b82a2ae9dd6a0c3bf0d724c3b.jpg,georges,1
f:\bifu\georges\e88992d8ec8680e1183cc96bd16cb974.jpg,georges,1
f:\bifu\georges\4524465973100cfc885cf072cb8a53bf.jpg,georges,1
f:\bifu\georges\09e6a7b5798ce470affe7e1db9712434.jpg,georges,1
f:\bifu\georges\5a6f665d5ae52175907c0e2142b45a8c.jpg,georges,1
f:\bifu\georges\fa1ca2b7d250f9a5f45b6cc4896da0f1.jpg,georges,1
f:\bifu\georges\ba59bebc3cd77c22762c98d863474182.jpg,georges,1
f:\bifu\georges\7cbb6d2d92da6687e305f0115a1aa4e4.jpg,georges,1
f:\bifu\georges\b9b55f4e945ec4a2f459601439ab4528.jpg,georges,1
f:\bifu\georges\eaea8d20af461aa723edb484b107e239.jpg,georges,1
f:\bifu\georges\fded257dba340a592be37378f0ca9c05.jpg,georges,1
f:\bifu\georges\c16c27d2727d5c62fa502da751bbfa0d.jpg,georges,1
f:\bifu\georges\531bac7782cbb18a289773708de9d6ca.jpg,georges,1
f:\bifu\georges\773ffd47330fbc6892afb4a2ee4bd49d.jpg,georges,1
f:\bifu\georges\c5ad58928b7d19b15459097f56c09dc9.jpg,georges,1
f:\bifu\georges\d5fcfe316737f6b5aa9a9785ca7bb7ba.jpg,georges,1
f:\bifu\georges\4b3200b65030035cb3c8db358508a555.jpg,georges,1
f:\bifu\georges\9cac88955d5577d4e0b480c8ae95bd01.jpg,georges,1
f:\bifu\georges\765bee1fd779b7a7b85ab2c6825415d4.jpg,georges,1
f:\bifu\georges\ffbae7c8f49dfb500870db78a438c5fb.jpg,georges,1
f:\bifu\georges\1fb16cac177d54ff8de6696e4eb85d35.jpg,georges,1
f:\bifu\georges\f91c87c9140ca1cfd637a670233c1009.jpg,georges,1
f:\bifu\georges\ce95b621fac53c09de4968c4e095d6d5.jpg,georges,1
f:\bifu\georges\cb352d180b8243bd3738a4310fe8b426.jpg,georges,1
f:\bifu\georges\b4f74b7616fb7c57de8d987ce54f3504.jpg,georges,1
f:\bifu\georges\ab46f0dd1fadf06938d1118497111cf1.jpg,georges,1
f:\bifu\georges\92bfc6dd4a44ae49a1d945d85017a77d.jpg,georges,1
f:\bifu\georges\3a124b03212bcd331a1b74330b839676.jpg,georges,1
f:\bifu\georges\7093d1d508c67e936469a33aae40cc65.jpg,georges,1
f:\bifu\georges\4a176d1ecb12ac5123f4f8f20d43aae5.jpg,georges,1
f:\bifu\georges\b75bc29abccdf69bb83cc7325f8a73cc.jpg,georges,1
f:\bifu\georges\a098d82208a4d89e1ead102988debff3.jpg,georges,1
f:\bifu\georges\d1696a6e91daa6866e489eb3b4c40cbf.jpg,georges,1
f:\bifu\georges\1d31b1cac62b182cf69a4ced54a5e992.jpg,georges,1
f:\bifu\georges\70cf42ac9a76b7a8d9c9c4b0aa98fbb7.jpg,georges,1
f:\bifu\georges\8301837448cfde43f0002dbfc47c1a1d.jpg,georges,1
f:\bifu\georges\285ad1c1705cd142aeb995093a6cab70.jpg,georges,1
f:\bifu\georges\54109b38e2545cdf5459d860881e6306.jpg,georges,1
f:\bifu\georges\1ec17d6974e54045bdc75547697bf028.jpg,georges,1
f:\bifu\georges\85bb1eb05ec964d3f30182257ca27c0c.jpg,georges,1
f:\bifu\georges\642bc8e27718bf916436698f6af3b413.jpg,georges,1
f:\bifu\georges\a2e8d9cd0609d551aacf0c3eb08d3720.jpg,georges,1
f:\bifu\georges\67ad35c62eff56af528ae43381b0c5de.jpg,georges,1
f:\bifu\georges\6a109f0c7cf587e77aa7d399c8b2299c.jpg,georges,1
f:\bifu\georges\5b3cf0de434adaa4cd60099e73276c68.jpg,georges,1
f:\bifu\georges\3bc263b94581dd01833aaec096b8b1ca.jpg,georges,1
f:\bifu\georges\712f6c6f4cb4bffac92c01d29a4bb983.jpg,georges,1
f:\bifu\georges\3ffa430bf1e635c1e57ee7b1b94cbbc3.jpg,georges,1
f:\bifu\georges\8703444f2ea9820f49ff7ad505da15ae.jpg,georges,1
f:\bifu\georges\2068f8fff3aaa335675f0c97675c380a.jpg,georges,1
f:\bifu\georges\e7987ebf9c19b6b77cf4c30106ff4a48.jpg,georges,1
f:\bifu\georges\afd4108306505cf0ce9abbaf56bfed8c.jpg,georges,1
f:\bifu\georges\e591d813dc645341cf0cb4934ca2179f.jpg,georges,1
f:\bifu\georges\9ebd4d608d1aaf0b6a9a93cf47b08b53.jpg,georges,1
f:\bifu\georges\9f1aebb94101e5b0edf6a6fc4a116c49.jpg,georges,1
f:\bifu\georges\59706a8bf274d1d3ebdda40fb29e1b73.jpg,georges,1
f:\bifu\georges\da0078c47e1c3bf6b3350eb590c9dd1c.jpg,georges,1
f:\bifu\georges\9ae6400fcf4d63ee06434617e367c5cd.jpg,georges,1
f:\bifu\georges\78f9bebfb87e2e497285e8c9f47a0e71.jpg,georges,1
f:\bifu\georges\df98be33df9902c680d8fbcd5b533810.jpg,georges,1
f:\bifu\georges\2102ed1998ab3982a295b0d4b715649b.jpg,georges,1
f:\bifu\georges\334a7cfa445b9b4f333e2246bdebbd31.jpg,georges,1
f:\bifu\georges\84a86ce866bdcc66ce6934fa5361259e.jpg,georges,1
f:\bifu\georges\b2d7bb15348367f733269036d794c862.jpg,georges,1
f:\bifu\georges\dbf398bb9d48f452df14b3bac1c8a0fc.jpg,georges,1
f:\bifu\georges\bddf40634c0c1a2c90c3a722c01ed77e.jpg,georges,1
f:\bifu\georges\60001c944b55bf5ea84902199457e088.jpg,georges,1
f:\bifu\georges\3ecc1505b24c1f55a75ab61d55f06d97.jpg,georges,1
f:\bifu\georges\1c65f997e86ce27bdb779b67c2e14e56.jpg,georges,1
f:\bifu\georges\78c9c20588f9066719023dfd09c7ae01.jpg,georges,1
f:\bifu\georges\d4aa58ee9434bb73cc1367476bf47b07.jpg,georges,1
f:\bifu\georges\2b6fc030d42e9f1ce1315946a5c611ec.jpg,georges,1
f:\bifu\georges\989931f1dcc07bde7784e5200ae9c059.jpg,georges,1
f:\bifu\georges\8cba1403a160601d2a5ebf1384245c62.jpg,georges,1
f:\bifu\georges\6ec9998e4dbdd925a255f90546e82e96.jpg,georges,1
f:\bifu\georges\86c59915410f592709626f217f509cf4.jpg,georges,1
f:\bifu\georges\4f96ca5e3f8b6f95b9a575e22fe2b2c2.jpg,georges,1
f:\bifu\georges\72d4cf69c8ed00c0013b6f190a1ea146.jpg,georges,1
f:\bifu\georges\270925ba2f27afc70f00a7fb61875584.jpg,georges,1
f:\bifu\georges\e4904944fed33325fa30e047b57c762c.jpg,georges,1
f:\bifu\georges\5acdc245f7117a1786378f42609754b2.jpg,georges,1
f:\bifu\georges\654db0ae05ffafba5cadc3e052a5f71e.jpg,georges,1
f:\bifu\georges\b73093fe0ae9a06ab23dd992e6b457bb.jpg,georges,1
f:\bifu\georges\f1370484533c787fa44fff250314eac7.jpg,georges,1
f:\bifu\georges\721bceed1d8dc2891f1d432e117b099b.jpg,georges,1
f:\bifu\georges\58b002a6974207accee451adf45e4be1.jpg,georges,1
f:\bifu\georges\f049b7db79cef8aeb7db59fb1ee94f7c.jpg,georges,1
f:\bifu\georges\46b5b130b750ca29c2b42cfd28d37fe6.jpg,georges,1
f:\bifu\georges\ae1d6ae353d698cc812c95b7f37ab788.jpg,georges,1
f:\bifu\georges\e5a29b8a23fb4b4bee96789dc3ca4582.jpg,georges,1
f:\bifu\georges\12c8256524cb8e6c9a4e2e22180b561e.jpg,georges,1
f:\bifu\georges\af0b3877dd4410e31855267de04b1cc6.jpg,georges,1
f:\bifu\georges\0815eb51380932d64a6c8a550dd2ea47.jpg,georges,1
f:\bifu\georges\ffdfd511b4f8e8eb74f79a8da1e1c2f2.jpg,georges,1
f:\bifu\georges\bea6a316090998d9b13e66404a862a3a.jpg,georges,1
f:\bifu\georges\91e56ba2367acd1903aa61941ad5737e.jpg,georges,1
f:\bifu\georges\6dc68944727e365d2973343702b5da98.jpg,georges,1
f:\bifu\georges\d577dbb62e7155a0893bc92442248b22.jpg,georges,1
f:\bifu\georges\4843ac1486776314229b869250791add.jpg,georges,1
f:\bifu\georges\2164580c9d08d8977eca226671e74edb.jpg,georges,1
f:\bifu\georges\1644d31424e9a8869a6913b92ecb36fa.jpg,georges,1
f:\bifu\georges\45768ecc4cbfcec2e4716493c3565cff.jpg,georges,1
f:\bifu\georges\48eb4b9b5d81174d68aa0a6f6597ed72.jpg,georges,1
f:\bifu\georges\92bc68a9e265b73f1646fbe51a9274bb.jpg,georges,1
f:\bifu\georges\4bfb40fb2d4ed95a3a58cc88f4a287e7.jpg,georges,1
f:\bifu\georges\9261954c30701eeb9208b7b005314307.jpg,georges,1
f:\bifu\georges\13399c7793a32a097d2b28a47c61ca81.jpg,georges,1
f:\bifu\georges\bba68593ca57442da25b512a27bf97e7.jpg,georges,1
f:\bifu\georges\8aa34ff81f553aa6d97a117e5c436896.jpg,georges,1
f:\bifu\georges\a47435f4b43453f6329a95613605df1a.jpg,georges,1
f:\bifu\georges\7f92b23ad44a793ac109e3cae879e260.jpg,georges,1
f:\bifu\georges\25a368d9252297683dca14915ad53764.jpg,georges,1
f:\bifu\georges\d572888942e8e4d0e4b19597cda61d1a.jpg,georges,1
f:\bifu\georges\c6057f5ca74d465e0e198c2925cf8e0d.jpg,georges,1
f:\bifu\georges\72d9a4d6ab396e5fd929ec4ec6cd6bd4.jpg,georges,1
f:\bifu\georges\ad8dc810600a06eee188a8f9fc7c0fe0.jpg,georges,1
f:\bifu\georges\242f1d36588bbab4e557fb12d0ac5ea1.jpg,georges,1
f:\bifu\georges\ac86b452a48afa27da213db472a78200.jpg,georges,1
f:\bifu\georges\ce553352bb62b0c4c53458339a5151ea.jpg,georges,1
f:\bifu\georges\3a59b9ab0b2cb626a6d9e952499cdb0f.jpg,georges,1
f:\bifu\georges\03d3237f3f373bd76824dc3318ac6837.jpg,georges,1
f:\bifu\georges\f33a25416d8e6d62c16e1fd9c2de457b.jpg,georges,1
f:\bifu\georges\c0c7a8c0d64a381e69da9b3a6a0f3390.jpg,georges,1
f:\bifu\georges\308e7415425e464d74165c9bb1c1a598.jpg,georges,1
f:\bifu\georges\facd0bd2cc574737450d22f324df53b3.jpg,georges,1
f:\bifu\georges\a958e9e1c41c417e0cf22c9463ce0d15.jpg,georges,1
f:\bifu\georges\363fe23fd18548d6230f3c7099526e79.jpg,georges,1
f:\bifu\georges\83cdfa7215a052c1effb01435c6c7e70.jpg,georges,1
f:\bifu\georges\a3d758a283e24df861d86cc7b1496013.jpg,georges,1
f:\bifu\georges\5e774c32a9885e1c49f14f5a2d5c2df8.jpg,georges,1
f:\bifu\georges\d90d4e0fe9eae4fc77dca09a7d2c7553.jpg,georges,1
f:\bifu\georges\827d97bc23c0de7601745566a6981c5e.jpg,georges,1
f:\bifu\georges\11850998e6227851cb0dc8c4f6576e60.jpg,georges,1
f:\bifu\georges\5fe83d95dc7c4adc45006315185ea392.jpg,georges,1
f:\bifu\georges\6d83854442b2bcedfec919845b7820fe.jpg,georges,1
f:\bifu\georges\f8865c58ffa936bbce1eee01ed3d7e82.jpg,georges,1
f:\bifu\georges\6ef6cb4da78b5494ea679cf25585092f.jpg,georges,1
f:\bifu\georges\3b9cc67b6a84936d0b70cfd19e4e6df0.jpg,georges,1
f:\bifu\georges\c9c835f18d09e88aeff1bfea7e73d709.jpg,georges,1
f:\bifu\georges\db6040058663d1a6e144d4629eb5182c.jpg,georges,1
f:\bifu\georges\66f9ea73f0694b4f0019420da4a7ad59.jpg,georges,1
f:\bifu\georges\19a2257b888fbe5ac3d398979df483e9.jpg,georges,1
f:\bifu\georges\f84350ce52612522c84b9ca2b4c76a02.jpg,georges,1
f:\bifu\georges\3f0b3437addde97a2f8a0c5db7b67a79.jpg,georges,1
f:\bifu\georges\c839d8b1e6c668d96285971ceff1979c.jpg,georges,1
f:\bifu\georges\81eeae54585657ac6f6b10df17fdb5a4.jpg,georges,1
f:\bifu\georges\42ea97b3eae8698f65a13cc2d5129a2f.jpg,georges,1
f:\bifu\georges\229cdd6b815da36b73fdd04377e66554.jpg,georges,1
f:\bifu\georges\fee35ca7ed0f146d8603e99a2d22b7f2.jpg,georges,1
f:\bifu\georges\0fad930ef5d42012c021f275114d987e.jpg,georges,1
f:\bifu\georges\1e8e5f6f74fe9659195dec9b6cb91b85.jpg,georges,1
f:\bifu\georges\39e126ebc1e19d8396c0072876beee70.jpg,georges,1
f:\bifu\georges\96ef0d549eab98c42929a6572fabdaf8.jpg,georges,1
f:\bifu\georges\b5ed6a8830960ed15206cf890a0b82d4.jpg,georges,1
f:\bifu\georges\c31e073fd22ce4d916474d2fdc924d34.jpg,georges,1
f:\bifu\georges\df7e4cc416475062f981086f7d4b05ca.jpg,georges,1
f:\bifu\georges\18773e5d560b70a3c2896e93fe55e938.jpg,georges,1
f:\bifu\georges\bee476a984ca80d3a32d8aa407b98ce2.jpg,georges,1
f:\bifu\georges\29f8f777ab38d65f540fa8ced5c05728.jpg,georges,1
f:\bifu\georges\a7006f5e8293638baed2910a56be3c2c.jpg,georges,1
f:\bifu\georges\9c92e8b2a882035837bede6d5507b25e.jpg,georges,1
f:\bifu\georges\8711890232dc8214004c8ca998eb36de.jpg,georges,1
f:\bifu\georges\e9f5c1da8502ab092116af0006b61e00.jpg,georges,1
f:\bifu\georges\31aa94ab47cb73b3a315570c32bb7cd6.jpg,georges,1
f:\bifu\georges\0f87aefd6463737ced9c8ffb67503f0e.jpg,georges,1
f:\bifu\georges\9da10b82bfc2e8bc1b95b1f6eefcdf10.jpg,georges,1
f:\bifu\georges\9c15bd26afa7cc833e7168f00fe05e76.jpg,georges,1
f:\bifu\georges\3ed5046998e6892873baeb84e001479c.jpg,georges,1
f:\bifu\georges\3146eb88af2753072e94e9d9782e9a6a.jpg,georges,1
f:\bifu\georges\06c797e4643c00dbfc38fe028841c98c.jpg,georges,1
f:\bifu\georges\3fcaf854d345a815d0bc043d16737668.jpg,georges,1
f:\bifu\georges\670d0b391c5668c7b0d427533ff2a2d8.jpg,georges,1
f:\bifu\georges\81b4c90a0e974f0e87512a161c338a56.jpg,georges,1
f:\bifu\georges\95747793f1f7fde60384e4c02726bea8.jpg,georges,1
f:\bifu\georges\ca44ae9901d7d1d55cd9ece8793e8c68.jpg,georges,1
f:\bifu\georges\00c267a9a5895b1b04a58228f37d3116.jpg,georges,1
f:\bifu\georges\20d0bd052015b040007b399a3c7282e4.jpg,georges,1
f:\bifu\georges\1033455b9137750e0bafeffb4bb13494.jpg,georges,1
f:\bifu\georges\792d820cd8fd5ad1afc7c3d7bbc596c1.jpg,georges,1
f:\bifu\georges\241c3e682075a2b13292098b372a02f6.jpg,georges,1
f:\bifu\georges\e4c2bb982ff9cfc6588d42948636faa8.jpg,georges,1
f:\bifu\georges\20db202e37dcabdf3f7ff572f0482c86.jpg,georges,1
f:\bifu\georges\11a115f3ca9319f6345e613d95056e84.jpg,georges,1
f:\bifu\georges\9015bf634ee6b1d9867483743eb223bc.jpg,georges,1
f:\bifu\georges\eb86431405a9911b7f295a7abd95f1d1.jpg,georges,1
f:\bifu\georges\2d0b25c7c2efb3a09ce0ec82262ac2cd.jpg,georges,1
f:\bifu\georges\87224500a51db6bc24477662a7d62c78.jpg,georges,1
f:\bifu\georges\2c737da43fdecb1ebacf4c4f73bb244e.jpg,georges,1
f:\bifu\georges\14d6dd30fb8af1c25c797028bf2402de.jpg,georges,1
f:\bifu\georges\84e009d2bccc636f2d4a278fd17da4f3.jpg,georges,1
f:\bifu\georges\0cb68b4ae2a6d0bf1708bddbf3d087c8.jpg,georges,1
f:\bifu\georges\f169827d6a82f51df5593b455f92e17c.jpg,georges,1
f:\bifu\georges\7bd5991389e1c1ce5b08629a1899edf9.jpg,georges,1
f:\bifu\georges\d2f4de7c0f9c9cc8bca3fbe48df95be5.jpg,georges,1
f:\bifu\georges\5e20c3228e08c12485e2472d502ec16b.jpg,georges,1
f:\bifu\georges\8071f6f3a11c06c5a8badb8eaf5aebca.jpg,georges,1
f:\bifu\georges\410618c72b69f8ba9f4c8dd4914951d2.jpg,georges,1
f:\bifu\georges\bc59edf1a13ec05f21602aa036616639.jpg,georges,1
f:\bifu\georges\62fd0de51fb784d7ab02bf0023d0c985.jpg,georges,1
f:\bifu\georges\b594bcf7f80b74d6773ed650438b89ca.jpg,georges,1
f:\bifu\georges\737f2016e00b2b53199163921b6d2af1.jpg,georges,1
f:\bifu\georges\2fd94018b8c6b4390108389636c5807b.jpg,georges,1
f:\bifu\georges\85c45c349bca14dbb1ccb6c88c8b8a40.jpg,georges,1
f:\bifu\georges\cc44d205dae5ce39f0f782c4b11c73b6.jpg,georges,1
f:\bifu\georges\e7ec7ed15b6f54830ec0aa692a163659.jpg,georges,1
f:\bifu\georges\5b7bccf92f23c07c372c1b686b0dabcf.jpg,georges,1
f:\bifu\georges\7a2ffe2fea306dd28a4895711d96d1d1.jpg,georges,1
f:\bifu\georges\1925b0c67155297caac7d51c0b64262a.jpg,georges,1
f:\bifu\georges\d4e7e923a6846a65dd005c4d2df79116.jpg,georges,1
f:\bifu\georges\12099ee981430f91b1f40f8ab13f416b.jpg,georges,1
f:\bifu\georges\c76d9e1d72b3d32bee1ac2fb42dab633.jpg,georges,1
f:\bifu\georges\7b116ccab09272e85f9da71f7bd992e4.jpg,georges,1
f:\bifu\georges\daf7ec1336fba436ce41151a3c88d87b.jpg,georges,1
f:\bifu\georges\20178bf647db40ffdf7ec87fb5c469ce.jpg,georges,1
f:\bifu\georges\0b962442fbce335ed79b04e5ab4f8120.jpg,georges,1
f:\bifu\georges\958869d7287c024d0ad7c0afaeb92385.jpg,georges,1
f:\bifu\georges\c10b7b2d3a6f5d20ed8814ba1495e6e1.jpg,georges,1
f:\bifu\georges\7dc33ab8506ebbbbf505df7a75a1bc76.jpg,georges,1
f:\bifu\georges\100443f7706e151a287b85b3f00649fb.jpg,georges,1
f:\bifu\georges\6d464e1eb47f08e216758133170ad001.jpg,georges,1
f:\bifu\georges\5841900a30c55b1c77dd1aa275746be1.jpg,georges,1
f:\bifu\georges\0df37863472a1c575f8b7ca18b459f31.jpg,georges,1
f:\bifu\georges\1837311b68fba365d73bd4a959fbc46b.jpg,georges,1
f:\bifu\georges\69049be48a75d928562d0a97de22d736.jpg,georges,1
f:\bifu\georges\3737098efb70bd636795d19e353eaad7.jpg,georges,1
f:\bifu\georges\0b05ebf8898e686eb10375dd4e602c4e.jpg,georges,1
f:\bifu\georges\265e71b3f5754cc4bddfecc347caed14.jpg,georges,1
f:\bifu\georges\a125f98a98a3bbdd29cf003d1e52d2ea.jpg,georges,1
f:\bifu\georges\ecc319f441c852062c13ff24fa6a318c.jpg,georges,1
f:\bifu\georges\f059a6343eea118f2c5c712e2d9bf398.jpg,georges,1
f:\bifu\georges\6704974bf124cdb9bff89833a85e0eb7.jpg,georges,1
f:\bifu\georges\3dfc3f8cfb15f053d70b9c2422d82423.jpg,georges,1
f:\bifu\georges\7d261e54d1d8e1f08c9078d449dcf441.jpg,georges,1
f:\bifu\georges\a68353c0e4b25f2ac8aa6989c46e63a7.jpg,georges,1
f:\bifu\georges\d86cd76e876b57c185f0c39d22246d50.jpg,georges,1
f:\bifu\georges\9f58aef8d424283e357d3e3403b44b45.jpg,georges,1
f:\bifu\georges\8b6d31f9d7e91e9ac943810f917b9a20.jpg,georges,1
f:\bifu\georges\abbfb171856f07afa88237586ff2fdba.jpg,georges,1
f:\bifu\georges\987805e5dd5dbb8b33bcc3039ff9e415.jpg,georges,1
f:\bifu\georges\401a8fd15065ddbbec0b572f20cd2a18.jpg,georges,1
f:\bifu\georges\9e7c51332c22107b0227425f40c9c87a.jpg,georges,1
f:\bifu\georges\0bed50305053e1ca4de00ab58935e88d.jpg,georges,1
f:\bifu\georges\0a6aab1c469700b3c7200182bd00ccd8.jpg,georges,1
f:\bifu\georges\3c27b4cfc40fd34f28c4d6e1110fba82.jpg,georges,1
f:\bifu\georges\1a88594ddfce8c4f9b17d0f7f656ab84.jpg,georges,1
f:\bifu\georges\b1b44b4014e0addbb530f50e72803f20.jpg,georges,1
f:\bifu\georges\9aa871f43e57a10a10f1d8a60dd2c796.jpg,georges,1
f:\bifu\georges\026f5dca63cec37ea51284c24d495d53.jpg,georges,1
f:\bifu\georges\41f3233b5e41d6d38f87883be3594308.jpg,georges,1
f:\bifu\georges\d642e4cd5c9c117a3e83b2bac2bcf98a.jpg,georges,1
f:\bifu\georges\4f36d0b1d0a4e78d98d69acaecb40229.jpg,georges,1
f:\bifu\georges\3004d475d51ff23151d038cc757c3fe9.jpg,georges,1
f:\bifu\georges\40f03f505f316e5846fc955928288979.jpg,georges,1
f:\bifu\georges\eae3f5faf209a97384c43d385f0bd620.jpg,georges,1
f:\bifu\georges\e5f478ba70b3eaf4104de8f662ce2518.jpg,georges,1
f:\bifu\georges\3dcfe98b955ae8bc07657b798c967179.jpg,georges,1
f:\bifu\georges\f24a46a1c8eb136be4513b3cdbac8dd3.jpg,georges,1
f:\bifu\georges\73eda6778278573bfe7a1e335be6d1a5.jpg,georges,1
f:\bifu\georges\80ae78c4d64a536f018ba7674ba3628a.jpg,georges,1
f:\bifu\georges\de5adecbfec597224e073af6f2acb261.jpg,georges,1
f:\bifu\georges\6a5d210f7fd19c6c7f492049c532fca8.jpg,georges,1
f:\bifu\georges\2d771b8624d710019fefc2b0f2590f9b.jpg,georges,1
f:\bifu\georges\c970a8ab5589901212404f0a98f566ee.jpg,georges,1
f:\bifu\georges\fd02a0c7533bff4db6e64128e9cd07d7.jpg,georges,1
f:\bifu\georges\961edee4ad004c2b789aad5557ac2943.jpg,georges,1
f:\bifu\georges\76169252add46a52df8eaf3920d497b7.jpg,georges,1
f:\bifu\georges\1927e31c796a7f6dfaec942aff2aac99.jpg,georges,1
f:\bifu\georges\e08bd3be8eca98ea9759a8c40c0ee504.jpg,georges,1
f:\bifu\georges\28ab5386b75b438b08656eececa09557.jpg,georges,1
f:\bifu\georges\d273a7ea6a527bc72b244159407bcd51.jpg,georges,1
f:\bifu\georges\dfbce849b6a8ac9cf369c0f9ef18b0ac.jpg,georges,1
f:\bifu\georges\36fce57c5487067855d6de039aa5f864.jpg,georges,1
f:\bifu\georges\d9677bee2970c84d82ac1e39232b443e.jpg,georges,1
f:\bifu\georges\3ac08574da3ab007023fe0b1a8b3097a.jpg,georges,1
f:\bifu\georges\63b86dbdd9df8ffd6384904ecd07f7ad.jpg,georges,1
f:\bifu\georges\996eb40556fe5335c7e803b9fe913671.jpg,georges,1
f:\bifu\georges\b5018733ca584a8c63e4f62cf89d388e.jpg,georges,1
f:\bifu\georges\b73bb1b4cc676ff1996391e5a2f3bfa0.jpg,georges,1
f:\bifu\georges\78dc13e7183df847cba6f29f5caaa88c.jpg,georges,1
f:\bifu\georges\5da3415161157c106ccb01a75bcc863b.jpg,georges,1
f:\bifu\georges\4b2d35254bc90f3a640990625ea78757.jpg,georges,1
f:\bifu\georges\bd4d9b88b2d283f26ea75ed7af27c2b2.jpg,georges,1
f:\bifu\georges\797c9746e0eba9b68739db1c9dfecb7a.jpg,georges,1
f:\bifu\georges\abbb3259b9aa4d94c97687331487bf53.jpg,georges,1
f:\bifu\georges\aa947913ea8f024c66c12a886eb433da.jpg,georges,1
f:\bifu\georges\7eab2e6cd81a68950ba669191fed1cf5.jpg,georges,1
f:\bifu\georges\c495f103872b2a9c92a5e6157ed4bd7d.jpg,georges,1
f:\bifu\georges\42b2c0178e3ea75895955ef398007cc5.jpg,georges,1
f:\bifu\georges\34ce3550542ef2515ba3eb2556d43177.jpg,georges,1
f:\bifu\georges\9671c167cec5c07b43aedc066fa0380a.jpg,georges,1
f:\bifu\georges\b22314c2c14dccac87f337783fb3b05d.jpg,georges,1
f:\bifu\georges\2f3bc595daa0e6b559fb7fa0f38674a3.jpg,georges,1
f:\bifu\georges\409669807465414949b254c3e6d9adb1.jpg,georges,1
f:\bifu\georges\13cf2827ce69760881ba10f336637848.jpg,georges,1
f:\bifu\georges\03305116c971789a45dbe6df0c3af115.jpg,georges,1
f:\bifu\georges\622e8e7a10b907def975bd0ef558a9b0.jpg,georges,1
f:\bifu\georges\6cdf843bc5885e4cb10bf60748998c93.jpg,georges,1
f:\bifu\georges\9ba4a9ed404eae1a345fe9267eeacb39.jpg,georges,1
f:\bifu\georges\8d186d3d022ef4e29f1ad78fdabe568f.jpg,georges,1
f:\bifu\georges\68b9896ac4961590061cbd256d6201a4.jpg,georges,1
f:\bifu\georges\a856ad9bee80631a742d7bc2e401c0ee.jpg,georges,1
f:\bifu\georges\3394ee86345e0b7a8a445e933268ae56.jpg,georges,1
f:\bifu\georges\79e4eb1f50d6b21b0b2a9599fd128c7a.jpg,georges,1
f:\bifu\georges\e0d5c5eeac087aedf65a9e9063d25fb3.jpg,georges,1
f:\bifu\georges\dda7134ad5fe4b536813497c3f7978f8.jpg,georges,1
f:\bifu\georges\cad8807cbf95bfeb8522903149dc0abe.jpg,georges,1
f:\bifu\georges\33eca17b8def94d4d81e481e5779dc4d.jpg,georges,1
f:\bifu\georges\1248697ea0197e53701e7d3a2567488b.jpg,georges,1
f:\bifu\georges\286047dcf5b39f0d2e54b687e3aa690d.jpg,georges,1
f:\bifu\georges\72773ba97bccbdddd740a605eb7a1d2e.jpg,georges,1
f:\bifu\georges\01e4ea11aa55bb0e036912e8c84c478e.jpg,georges,1
f:\bifu\georges\fa3baba570474098eb703b49ddb4fe5e.jpg,georges,1
f:\bifu\georges\3c89bcd20d55cb8591b5c6b15395dafd.jpg,georges,1
f:\bifu\georges\d45ad4b9f3d01af4f7b6318cff7f0996.jpg,georges,1
f:\bifu\georges\821b49bffab8740d04df6fa418d4c849.jpg,georges,1
f:\bifu\georges\3d6fd2a79bef18c4e823e7cc04b8e65e.jpg,georges,1
f:\bifu\georges\4a1a6d2b8f976c66c373afb2b4b3999e.jpg,georges,1
f:\bifu\georges\38770836a8a31d35073911bdb7312343.jpg,georges,1
f:\bifu\georges\4d9f3658a99c9c4dddbb0564b1160a2d.jpg,georges,1
f:\bifu\georges\2d1e09a0e3ce8d9a4f936beb51a81a71.jpg,georges,1
f:\bifu\georges\6ba84425b2e32bde86bf9beb74d247e9.jpg,georges,1
f:\bifu\georges\e4c5f09c032674151b8c7d4d0da8262e.jpg,georges,1
f:\bifu\georges\473d2f80a3fb5f3374d5e6dd9c038d1d.jpg,georges,1
f:\bifu\georges\c0650a27b17c70f39b8b3c34eff916fa.jpg,georges,1
f:\bifu\georges\0647bfa9250b3f8f300b0af66cca93fc.jpg,georges,1
f:\bifu\georges\b2940117c57947d7ab2093d0e78d5092.jpg,georges,1
f:\bifu\georges\f7ba9b889694825330615d169402f317.jpg,georges,1
f:\bifu\georges\9147d7ebcd30d5465f0ef6a9a278b1e0.jpg,georges,1
f:\bifu\georges\84ed8ed676d8a2693a261ec3d754f214.jpg,georges,1
f:\bifu\georges\fe81c607619ded390adc5d56411aab32.jpg,georges,1
f:\bifu\georges\bd5638457901fc266b41827ba4a3c074.jpg,georges,1
f:\bifu\georges\d7ee7f120be15ab89b973c7bdaaf9c98.jpg,georges,1
f:\bifu\georges\631c07ac4109ab265682e95f477209fd.jpg,georges,1
f:\bifu\georges\d11f902b49440c62fa81a5d54dab35b7.jpg,georges,1
f:\bifu\georges\fc31bcb66f8a8ec119994b0e89d18174.jpg,georges,1
f:\bifu\georges\35541faf69b5265a3541b961e42b7199.jpg,georges,1
f:\bifu\georges\4681fb4c4671a5406a692794e86dbf58.jpg,georges,1
f:\bifu\georges\3a2dee54f6e40dc3f143352e8f417cb9.jpg,georges,1
f:\bifu\georges\816c8b52479af0b74ba831250717c833.jpg,georges,1
f:\bifu\georges\9f054bde27e6e9e0300c9dc91090b295.jpg,georges,1
f:\bifu\georges\b33f393aa372cd7109a62fe90c5d2d70.jpg,georges,1
f:\bifu\georges\aaf2c435f4215023aaec8369718a37c1.jpg,georges,1
f:\bifu\georges\6a47079464b6c1f2f62dd48db97637cd.jpg,georges,1
f:\bifu\georges\b48f2e9631375c9ff42f1ea94904ab6c.jpg,georges,1
f:\bifu\georges\85a076c72d497d9aa9ee37f035d1c39c.jpg,georges,1
f:\bifu\georges\3a96ae7ac556bd382494107c5fcc9ae4.jpg,georges,1
f:\bifu\georges\8e00736ee6734434a9d3505cdd49b43a.jpg,georges,1
f:\bifu\georges\e44186da9613a92d6534c7b80de500be.jpg,georges,1
f:\bifu\georges\9f818be6919da49c0de87becfc76bcfd.jpg,georges,1
f:\bifu\georges\bebd11af88a7f11b968d06ec14301957.jpg,georges,1
f:\bifu\georges\e66874f6dd8f0344230b7f7a31f991d1.jpg,georges,1
f:\bifu\georges\20593873f3ef036045b47f55da9db511.jpg,georges,1
f:\bifu\georges\9a88922acc41a1bd424281316421cc21.jpg,georges,1
f:\bifu\georges\64b822f7791ad02bd1ad18354cc39db5.jpg,georges,1
f:\bifu\georges\8aa5ca172deaa9c12d7180618e84288a.jpg,georges,1
f:\bifu\georges\4f9a94a690ccd51e8dfca411ffec2ab3.jpg,georges,1
f:\bifu\georges\5ed2d467fc188bf5f33415d32c6b499c.jpg,georges,1
f:\bifu\georges\1668125ffc304f94344a492d7e8d9152.jpg,georges,1
f:\bifu\georges\ffbd76cea975df5e853940d5a455b7fa.jpg,georges,1
f:\bifu\georges\b6aa4baff697eaa2d48f46a8fc4e3e07.jpg,georges,1
f:\bifu\georges\0222bf1407ce04265977a1b8b2d8e4b5.jpg,georges,1
f:\bifu\georges\4a4b8b761b6f3d3ffbe162e11b68a344.jpg,georges,1
f:\bifu\georges\8d4282db6903385e69a6bf1e493a78ed.jpg,georges,1
f:\bifu\georges\7042ebb43b6f526085a0dded1aa30de8.jpg,georges,1
f:\bifu\georges\0f24d2224f8c08708d4acc42a8b1db02.jpg,georges,1
f:\bifu\georges\512d4a10450a56a7d82d4619a9068d03.jpg,georges,1
f:\bifu\georges\9056e8966e984264bcb11d53545d0caa.jpg,georges,1
f:\bifu\georges\b00d03472e7234f9d447be37b8a0e3b7.jpg,georges,1
f:\bifu\georges\75a9cd7fe23650d50c3a19fd8ac8200b.jpg,georges,1
f:\bifu\georges\4be2d0959166b29e6e15ebae8a59018f.jpg,georges,1
f:\bifu\georges\0946a85118945c2b796edd7adf4ca4cd.jpg,georges,1
f:\bifu\georges\7ba83af77e48e3fdde0ff9a45701300e.jpg,georges,1
f:\bifu\georges\1947c81ebb7a424d844cbb283e630361.jpg,georges,1
f:\bifu\georges\834404b9936f1424d4b2ae392ec3834f.jpg,georges,1
f:\bifu\georges\955d11ff561c5c38c088e22f3db45670.jpg,georges,1
f:\bifu\georges\41d54ae0b7dd3307c2b502f4b1e41936.jpg,georges,1
f:\bifu\georges\c9b51e0ecb756f05dbf7028ea1e77209.jpg,georges,1
f:\bifu\georges\deae2530397aef6cced6d31b510905c8.jpg,georges,1
f:\bifu\georges\34cde3920f4d8e464ddd5d2f6a0b09e2.jpg,georges,1
f:\bifu\georges\e604cea6e99ffe13f4ec04e21a8e9e66.jpg,georges,1
f:\bifu\georges\9631c5e586399b89c2274c0549437888.jpg,georges,1
f:\bifu\georges\b12206ed20749ce50b571c79913951d8.jpg,georges,1
f:\bifu\georges\108556be0efb91fdbde1b505d17c1234.jpg,georges,1
f:\bifu\georges\2a06f7ea72d9a7f9399ed33bc936188a.jpg,georges,1
f:\bifu\georges\9c95c00c194337b59ac15e674c304ce9.jpg,georges,1
f:\bifu\georges\56a8f02c0778437d1ba77a2c8629743f.jpg,georges,1
f:\bifu\georges\5254b9b2e8efba66d68ae5155040cd75.jpg,georges,1
f:\bifu\georges\f3036a35b408895966349c9bb6c3cf7f.jpg,georges,1
f:\bifu\georges\de7040138a437af7f6e81c7d53c36200.jpg,georges,1
f:\bifu\georges\4416747c1be43f023d8d8e445f6ac3d9.jpg,georges,1
f:\bifu\georges\0526f76a0cca08d5e978ef669ff183a4.jpg,georges,1
f:\bifu\georges\fab8ee83193acd4d3a588294b31dd948.jpg,georges,1
f:\bifu\georges\d43ce1350dd23792f81b3daf4db8dd8f.jpg,georges,1
f:\bifu\georges\441197c91535c7fff491473b4212010a.jpg,georges,1
f:\bifu\georges\e495bdb0591df2db6530b996d128ecc9.jpg,georges,1
f:\bifu\georges\ba10a05185b291b962559acf3a63edeb.jpg,georges,1
f:\bifu\georges\ab416b6b733e1a9acd4a7a8802642986.jpg,georges,1
f:\bifu\georges\cfe640777e6a0f9bbb7325e2623853c9.jpg,georges,1
f:\bifu\georges\f195bea0b78d1c0c90ab54341bf39536.jpg,georges,1
f:\bifu\georges\847ee1e182f8c8271bdc2cf1fe6f094e.jpg,georges,1
f:\bifu\georges\8456d68e5c88d13398e5f361f3bdb35c.jpg,georges,1
f:\bifu\georges\22c1bf64e0f04f96d75eebe250881b46.jpg,georges,1
f:\bifu\georges\51051dee4faa0c98c433e7243b2c2d6a.jpg,georges,1
f:\bifu\georges\a6e7febc83218446b6eacd71ae813ba3.jpg,georges,1
f:\bifu\georges\37d414fc4c60c66bac3cef90c367b4cb.jpg,georges,1
f:\bifu\georges\989cc338a48a8256c4f7c90037045105.jpg,georges,1
f:\bifu\georges\c641ce6a90e990db1b07a4a0dd9e8d8a.jpg,georges,1
f:\bifu\georges\2e448a0a2c13d74e4098b3583d086a1c.jpg,georges,1
f:\bifu\georges\b105240ddbf58401497b8605df69cd35.jpg,georges,1
f:\bifu\georges\e5fdb3d6e1b0db8f55af612564470c79.jpg,georges,1
f:\bifu\georges\d54115b3b808f677ed05cbe481c0ddbd.jpg,georges,1
f:\bifu\georges\c5566d11e713ef910f6f5d3c93298b62.jpg,georges,1
f:\bifu\georges\1a7694418eba6bba4451b497d80e18f9.jpg,georges,1
f:\bifu\georges\33059e709821bd7c6f581df22b147c7f.jpg,georges,1
f:\bifu\georges\fe191b9ca8b388330b8745a530292d8e.jpg,georges,1
f:\bifu\georges\866e49b0d61e8fb53ced2b911837db92.jpg,georges,1
f:\bifu\georges\03a3e96b15e8735b097156d7b138cd92.jpg,georges,1
f:\bifu\georges\e5bfbf7c79329c875b79017d67e23d34.jpg,georges,1
f:\bifu\georges\ba60af68febb5325b6d7e829bbde68d0.jpg,georges,1
f:\bifu\georges\0686faa4139ffce5bde41ccfc563d8b5.jpg,georges,1
f:\bifu\georges\a4537e116ecb5b52c64e66a5ef747989.jpg,georges,1
f:\bifu\georges\09144392b4b3e646ad34d584f4b21eac.jpg,georges,1
f:\bifu\georges\8e174266c03007035c3446c7a37320e9.jpg,georges,1
f:\bifu\georges\e73c175333aad89d6f3063e14334522f.jpg,georges,1
f:\bifu\georges\0eb280039f953930fa1999d05070414d.jpg,georges,1
f:\bifu\georges\8d8854dc1c3db0481110655dde507ba6.jpg,georges,1
f:\bifu\georges\2f63273f140340617496c46c2dd0f366.jpg,georges,1
f:\bifu\georges\d2fb21c35f9d33e803374b3da3203032.jpg,georges,1
f:\bifu\georges\0b10fa068bf7dc84556ac188c959deb7.jpg,georges,1
f:\bifu\georges\7665805017146f0edb3ef2f1711479dd.jpg,georges,1
f:\bifu\georges\e7f13bf4fea033a3fbd7de944b27149d.jpg,georges,1
f:\bifu\georges\03704ea22436ad2b35d1869ca5e2b014.jpg,georges,1
f:\bifu\georges\d39748b0b0b2d0009743bcf201e1f706.jpg,georges,1
f:\bifu\georges\11b3c393ffc825b037ff285f48927e54.jpg,georges,1
f:\bifu\georges\372f08758503e7be89e09617ea9bea35.jpg,georges,1
f:\bifu\georges\5cb12c46771f59fc5b16cdd3149781e9.jpg,georges,1
f:\bifu\georges\a3c97c1255b20e9ed4c5d06e7f76edc0.jpg,georges,1
f:\bifu\georges\3cbc9e14d975f1b3fc8df788291366a9.jpg,georges,1
f:\bifu\georges\af66c02cf84db196495e6783ee5aa176.jpg,georges,1
f:\bifu\georges\a5f4e4c24feee7acd5de610ec388d7b3.jpg,georges,1
f:\bifu\georges\499466dcf34f5048fbc3fad559ddbbd1.jpg,georges,1
f:\bifu\georges\f90f8b31da8ca209b8c12b9b343e23bb.jpg,georges,1
f:\bifu\georges\63cf55198be58ea654275abc78ce8457.jpg,georges,1
f:\bifu\georges\2d1100c7959a8477876d21a76bb23ef0.jpg,georges,1
f:\bifu\georges\479fbf539d0aa39a8c09360d226b9517.jpg,georges,1
f:\bifu\georges\c901401770c74a11ad1aab89a3b8571f.jpg,georges,1
f:\bifu\georges\3884d4aebd6c70ca70995efadf1cef46.jpg,georges,1
f:\bifu\non_georges\3ec33e5e438ff4fb9029be2cdcae6b67.jpg,non_georges,0
f:\bifu\non_georges\d571ecef767fe91d4d2694b423f35447.jpg,non_georges,0
f:\bifu\non_georges\e00a52ba84d1716c6342f5b3b72f611a.jpg,non_georges,0
f:\bifu\non_georges\f4de73e85728b567efdb865fa66a4b69.jpg,non_georges,0
f:\bifu\non_georges\e304070bf3b057b0d4b8fe25560e031f.jpg,non_georges,0
f:\bifu\non_georges\50dd4b6929c67e20af985c68fab8545a.jpg,non_georges,0
f:\bifu\non_georges\659b119f429e86dd7c02e1db41d279ae.jpg,non_georges,0
f:\bifu\non_georges\b14575b1d365af01e3aafdb108801237.jpg,non_georges,0
f:\bifu\non_georges\fda90e229235bc513a23d51dec5440db.jpg,non_georges,0
f:\bifu\non_georges\b294522b813fde0d8a37ad993d49c879.jpg,non_georges,0
f:\bifu\non_georges\6ec804e78d31e937bfee8a769a76f09e.jpg,non_georges,0
f:\bifu\non_georges\280f8b47764f296ad23976daff787773.jpg,non_georges,0
f:\bifu\non_georges\24110581be74fb0f2ef3aec13ff09101.jpg,non_georges,0
f:\bifu\non_georges\59892352466dfd30d62de34c87b9dce1.jpg,non_georges,0
f:\bifu\non_georges\ab41b3e4a8a8128584339738918074ae.jpg,non_georges,0
f:\bifu\non_georges\30279aaebf7f50f1334a30cd7f79fae2.jpg,non_georges,0
f:\bifu\non_georges\401f8be11297f2d8178a9fdbe14e05e0.jpg,non_georges,0
f:\bifu\non_georges\72d800df829cde541db46e418ab21410.jpg,non_georges,0
f:\bifu\non_georges\ff96d9710b0f08b4ccbad87f9899038f.jpg,non_georges,0
f:\bifu\non_georges\f694bbcab0bdf57bd48e54a8272130fe.jpg,non_georges,0
f:\bifu\non_georges\5c38fbf08c22015e59b23299e0a79eb2.jpg,non_georges,0
f:\bifu\non_georges\6c4350222206cf98d5fd17f289e84c2f.jpg,non_georges,0
f:\bifu\non_georges\5629724698444cfe2cfb75135ddbecbb.jpg,non_georges,0
f:\bifu\non_georges\1258697deb47cf5ffe7146c4f02fc547.jpg,non_georges,0
f:\bifu\non_georges\31dbbd1daf105d1f828639a3b67c628c.jpg,non_georges,0
f:\bifu\non_georges\de36ce84c369572b5ad2e77b4edbbf2a.jpg,non_georges,0
f:\bifu\non_georges\559d74c4cd25ae22da0685f99647bd37.jpg,non_georges,0
f:\bifu\non_georges\22b2ddf7b16577b900ea1fc5ef9c35a7.jpg,non_georges,0
f:\bifu\non_georges\e98ad147c00eb084f6d0b1d82f73beae.jpg,non_georges,0
f:\bifu\non_georges\50934e11c64f9118a00d3edef180e6a3.jpg,non_georges,0
f:\bifu\non_georges\47cc31f19887f6beaa7a24337118bb94.jpg,non_georges,0
f:\bifu\non_georges\f9e92bc008b3f414f74f76521022f7ac.jpg,non_georges,0
f:\bifu\non_georges\8db2226a5d294f4947656734faf7ee40.jpg,non_georges,0
f:\bifu\non_georges\e06608c937f1fcb9ee5b013a50cb9d55.jpg,non_georges,0
f:\bifu\non_georges\18b1505ffc4322189903df4963fcdb42.jpg,non_georges,0
f:\bifu\non_georges\b99d7f3920ff5cb119e6fa53c24f8377.jpg,non_georges,0
f:\bifu\non_georges\4a7815c09dbeffd2893a382066f0d49c.jpg,non_georges,0
f:\bifu\non_georges\a514986e7e3039d279cf57ec67065560.jpg,non_georges,0
f:\bifu\non_georges\54160db6aa94ca4154c2ed81804e1d0a.jpg,non_georges,0
f:\bifu\non_georges\3bf9a1b0f5ae4e60f878da07a661ea18.jpg,non_georges,0
f:\bifu\non_georges\aadea7d0610ea3a625124fca31a73506.jpg,non_georges,0
f:\bifu\non_georges\162734f56818be9d796ada1ccdfdcf32.jpg,non_georges,0
f:\bifu\non_georges\7d01c74846cfabfb7b92edcb79e68398.jpg,non_georges,0
f:\bifu\non_georges\6585efa2d3ebd03d708f8e150da30f86.jpg,non_georges,0
f:\bifu\non_georges\0067c05256b4b0c40fef191d867f4fef.jpg,non_georges,0
f:\bifu\non_georges\6e2b46daadff1176d6d47a4c3881f9ba.jpg,non_georges,0
f:\bifu\non_georges\e447549fbeae478a250706275793889c.jpg,non_georges,0
f:\bifu\non_georges\9681305b7df43bc085bfba0f424be555.jpg,non_georges,0
f:\bifu\non_georges\94d737d8cfd1090c8085274a8e0ce880.jpg,non_georges,0
f:\bifu\non_georges\c2ba597f136254fec0e840d9cd250659.jpg,non_georges,0
f:\bifu\non_georges\42de90ee9cccbe136335709f8b8b735b.jpg,non_georges,0
f:\bifu\non_georges\fe256cf540a675211a2b8bb7711aa14f.jpg,non_georges,0
f:\bifu\non_georges\ea96cf18e967d98c0f9bf5d72c3e2b5f.jpg,non_georges,0
f:\bifu\non_georges\0292448c0d8c775b6f4e2bafe9166d60.jpg,non_georges,0
f:\bifu\non_georges\b25d6b2987ca9ff00aa0fd0d303c25f1.jpg,non_georges,0
f:\bifu\non_georges\058599c5036c62c6b16d1541c8f8f0ae.jpg,non_georges,0
f:\bifu\non_georges\69c2e9ece9eb149d2def96a5aa199e17.jpg,non_georges,0
f:\bifu\non_georges\279813439cb7896b54aa43bef702a459.jpg,non_georges,0
f:\bifu\non_georges\80c1514e8cccb2becc484d6356f0764c.jpg,non_georges,0
f:\bifu\non_georges\0d738ddc3e8d21b57fb08938e94683fb.jpg,non_georges,0
f:\bifu\non_georges\5aa6d9386bd7ed196f80ab7d4272d089.jpg,non_georges,0
f:\bifu\non_georges\b94464773b776f5ca1472616d5f2b31d.jpg,non_georges,0
f:\bifu\non_georges\1ef6ede86dde9095bbe8ccdaf5e4b8ba.jpg,non_georges,0
f:\bifu\non_georges\001057258c93dc3fe176526d011af770.jpg,non_georges,0
f:\bifu\non_georges\72fbbe331bec9cabb40448e3930cf37e.jpg,non_georges,0
f:\bifu\non_georges\1139c49aea2e7ba72db9033c3c29bf25.jpg,non_georges,0
f:\bifu\non_georges\7587a104622680d6beb0c38c2843ca0c.jpg,non_georges,0
f:\bifu\non_georges\4904fd30205e109ace1d64589a9a077a.jpg,non_georges,0
f:\bifu\non_georges\f2c6ca39fe48c5d7f0f3e67b0be6f1e4.jpg,non_georges,0
f:\bifu\non_georges\99b7dc66d3fea7ebf962148314566162.jpg,non_georges,0
f:\bifu\non_georges\045694cfb2831355fd592583045f300d.jpg,non_georges,0
f:\bifu\non_georges\05cc6b9fd677fe72d52ac994cd5fcbbf.jpg,non_georges,0
f:\bifu\non_georges\b2816875e91613c3ce4b33a4ee22c7ce.jpg,non_georges,0
f:\bifu\non_georges\596eaff8d5df8626016a352a9f1614c0.jpg,non_georges,0
f:\bifu\non_georges\0e876ed2c87877d885a0589e0b544d3c.jpg,non_georges,0
f:\bifu\non_georges\2bc32114568d21427fd6c1ed8a30c192.jpg,non_georges,0
f:\bifu\non_georges\1c531fdd3d032e1bf016f34ab566f33d.jpg,non_georges,0
f:\bifu\non_georges\de919dd10f006bd6ea5bf36ae8250c4d.jpg,non_georges,0
f:\bifu\non_georges\898b6fa1055c4bed356799cf38d0a708.jpg,non_georges,0
f:\bifu\non_georges\0188542e78caff82450548fd49e99dbf.jpg,non_georges,0
f:\bifu\non_georges\2e66edd095a9ab0eeccb74b0c65297d1.jpg,non_georges,0
f:\bifu\non_georges\33b65fef141b7dd31737f84e8dda02f8.jpg,non_georges,0
f:\bifu\non_georges\b387cf3bcb5cd1177c459faceec60a04.jpg,non_georges,0
f:\bifu\non_georges\024a0c7ae28d84e0d71e80c7e1bdd095.jpg,non_georges,0
f:\bifu\non_georges\b624932d75518b5331084e56e4a03b03.jpg,non_georges,0
f:\bifu\non_georges\daeb929b3f23bfbbc4f63642000dc0e2.jpg,non_georges,0
f:\bifu\non_georges\6e5bbfa28ee48a46c3550aaf00580fd5.jpg,non_georges,0
f:\bifu\non_georges\aca05ba30510cb9bcebfb4348d9bad99.jpg,non_georges,0
f:\bifu\non_georges\3b9f68d9f4cad6d99ed728c989df8395.jpg,non_georges,0
f:\bifu\non_georges\9d997f1fc6433597ed6a791d01e8c1c1.jpg,non_georges,0
f:\bifu\non_georges\9cf5706426c928825e78dd2012bde07b.jpg,non_georges,0
f:\bifu\non_georges\b13c20622431c542f16793ceeb3f4624.jpg,non_georges,0
f:\bifu\non_georges\c5736cf99fae6e110a1562376aa2ece8.jpg,non_georges,0
f:\bifu\non_georges\89c274b243f3e2288bd00f79357963b4.jpg,non_georges,0
f:\bifu\non_georges\38c0877a50abb1ebcd385da3e337f696.jpg,non_georges,0
f:\bifu\non_georges\624506167ec352378ca976be381159e9.jpg,non_georges,0
f:\bifu\non_georges\7e28c3c9a677dacbb1beddc6e8d9cdee.jpg,non_georges,0
f:\bifu\non_georges\0b2428d183fb4fd6b29788807f1e093e.jpg,non_georges,0
f:\bifu\non_georges\a2ca9172a903e5312f4212da39b766cb.jpg,non_georges,0
f:\bifu\non_georges\a5891b127313ee9c438f523b5e8b3f74.jpg,non_georges,0
f:\bifu\non_georges\6756160b8eb40c4552a3eaaa20148cb6.jpg,non_georges,0
f:\bifu\non_georges\bd10ddcfc815a7cf9e17237de2e8f04a.jpg,non_georges,0
f:\bifu\non_georges\38e8766626076a97cceff16b89b61ffe.jpg,non_georges,0
f:\bifu\non_georges\8d61418a94f8c968ca298ce91463c4e0.jpg,non_georges,0
f:\bifu\non_georges\fd51d8e3710ed4ff9e3bfde580f4c743.jpg,non_georges,0
f:\bifu\non_georges\70cf08dc59f0abd8b4e2d6b82160a1ea.jpg,non_georges,0
f:\bifu\non_georges\6e6a66e7177186777feaa8d0a3b89e81.jpg,non_georges,0
f:\bifu\non_georges\fa6b259a8743ad50564cf0eb2bbff92c.jpg,non_georges,0
f:\bifu\non_georges\e4dc3a1622a5dada2caaecaec073e0f6.jpg,non_georges,0
f:\bifu\non_georges\74447b2518e850ac26a4bb59c0310a58.jpg,non_georges,0
f:\bifu\non_georges\818323357dcb36a03ab3126d0203cd77.jpg,non_georges,0
f:\bifu\non_georges\e0e47474c42ef6b33e3599592b93832f.jpg,non_georges,0
f:\bifu\non_georges\198483298cb6f10adb884e6de461f797.jpg,non_georges,0
f:\bifu\non_georges\3bbf9db8ffdebb1952cfc0dc82b80ce8.jpg,non_georges,0
f:\bifu\non_georges\a67dab5cf950635fff684714ce6799fb.jpg,non_georges,0
f:\bifu\non_georges\7552561b0d902f49a7dd0a94d9264451.jpg,non_georges,0
f:\bifu\non_georges\2b49f9da7684396c755403802e20a3d7.jpg,non_georges,0
f:\bifu\non_georges\8f4a61209930e651388e2e3cb1a3a02c.jpg,non_georges,0
f:\bifu\non_georges\b45edf71bb70b721ab3fe1baa960e757.jpg,non_georges,0
f:\bifu\non_georges\be0816490bb4cfef3859385cc09f8548.jpg,non_georges,0
f:\bifu\non_georges\77de79492cd6bd71c4599d157a974c30.jpg,non_georges,0
f:\bifu\non_georges\f7e9dceb374c55cc971561579ba41330.jpg,non_georges,0
f:\bifu\non_georges\27ade76c6538a37c6f5400988833c206.jpg,non_georges,0
f:\bifu\non_georges\8703400cf96b13dba826b15081754b1f.jpg,non_georges,0
f:\bifu\non_georges\b217ebbc3d0c292a12d23c9cae56924f.jpg,non_georges,0
f:\bifu\non_georges\a7f4c03f0efcdc766624de7afccb533a.jpg,non_georges,0
f:\bifu\non_georges\4d0c54852d659748c49debb2385153e6.jpg,non_georges,0
f:\bifu\non_georges\1c55f90013b97a8f698b114ffd937f14.jpg,non_georges,0
f:\bifu\non_georges\e458f96e3374473c781ac206b54d0f7e.jpg,non_georges,0
f:\bifu\non_georges\bc00b25f33f3c67b3c2e211cbfe07620.jpg,non_georges,0
f:\bifu\non_georges\29c382af4f446c2f5a2aa580bd9ccb4f.jpg,non_georges,0
f:\bifu\non_georges\f41c8de73489d0c6ee576d31f6086407.jpg,non_georges,0
f:\bifu\non_georges\ded266fe19dc45087d9d66aa6c1159bf.jpg,non_georges,0
f:\bifu\non_georges\a30dd797adefe80bd8f985206ea125d7.jpg,non_georges,0
f:\bifu\non_georges\8ace55b13123b53a1d9742e351badeff.jpg,non_georges,0
f:\bifu\non_georges\01dfb02a96c1d70841197526d1fcd56a.jpg,non_georges,0
f:\bifu\non_georges\47474a898aca9cd3af782d0e6b013717.jpg,non_georges,0
f:\bifu\non_georges\0ae6c19b6fd5619864c8441110fd6242.jpg,non_georges,0
f:\bifu\non_georges\7a8844d11820efa8864d960911ec424a.jpg,non_georges,0
f:\bifu\non_georges\26737eb95e52d8504c5d512c98199442.jpg,non_georges,0
f:\bifu\non_georges\be9658f538b39e5551bcbf6d258135f3.jpg,non_georges,0
f:\bifu\non_georges\929bea74a7395f95f7d8cba303665920.jpg,non_georges,0
f:\bifu\non_georges\41738eb07e71a1abf06c4d6cb5c640d6.jpg,non_georges,0
f:\bifu\non_georges\65ed9d172a0ba46e83f368a62215a3c0.jpg,non_georges,0
f:\bifu\non_georges\4213a6163bed879160a9d54f8c3427c5.jpg,non_georges,0
f:\bifu\non_georges\a3c6da9b7297125950fa6c63699974ee.jpg,non_georges,0
f:\bifu\non_georges\1b4237d25dc19e41fd65b6b68ece9118.jpg,non_georges,0
f:\bifu\non_georges\9538745db764c2c3283813867c7f344b.jpg,non_georges,0
f:\bifu\non_georges\53a2077d549cc0c80ca6ad4c78e4d67a.jpg,non_georges,0
f:\bifu\non_georges\be809c57ad3ba34d7ae4f693f65a8b99.jpg,non_georges,0
f:\bifu\non_georges\fd42cab818b9a1c131c60d04591790c8.jpg,non_georges,0
f:\bifu\non_georges\80ea98f1e3bde859a58a219802c3a49b.jpg,non_georges,0
f:\bifu\non_georges\4cfd0da8762fa62ab2a187bda1bc77f1.jpg,non_georges,0
f:\bifu\non_georges\3199eb03d8b5ab51a21958e40018d064.jpg,non_georges,0
f:\bifu\non_georges\a6f9a0c1e1b4a52153bc7e1e8706d8e0.jpg,non_georges,0
f:\bifu\non_georges\cf30b535235d1b25365b01ed33c895f9.jpg,non_georges,0
f:\bifu\non_georges\37be52f92ed24d8ac02b4694b4f386ec.jpg,non_georges,0
f:\bifu\non_georges\21eba1451d16b5645bce10a30c202948.jpg,non_georges,0
f:\bifu\non_georges\fbf2638613ffc1c7ece73bb29d0c31ce.jpg,non_georges,0
f:\bifu\non_georges\015cca4d7c43d34996f6839de045a3b8.jpg,non_georges,0
f:\bifu\non_georges\6d8897a83c948bde4169853913b5c395.jpg,non_georges,0
f:\bifu\non_georges\d2a2bb15fc27f682bf23dee70fef3452.jpg,non_georges,0
f:\bifu\non_georges\64716429b1774a4423151a1b0d240ebd.jpg,non_georges,0
f:\bifu\non_georges\5e4a0adaaf11c47b148ea59af6c887d7.jpg,non_georges,0
f:\bifu\non_georges\32ca581147ff4c593065eb26fd115fd8.jpg,non_georges,0
f:\bifu\non_georges\d2d3e3cf06621137b4ad2491787d9203.jpg,non_georges,0
f:\bifu\non_georges\d235e75e0e3bc70ed221a669bebe5fda.jpg,non_georges,0
f:\bifu\non_georges\76d8928ec105feaea0ae5c59aa0b5329.jpg,non_georges,0
f:\bifu\non_georges\c825233f39eb764f7ec43afb8873fb89.jpg,non_georges,0
f:\bifu\non_georges\b0b81e61290da79c53735983ebbd9b73.jpg,non_georges,0
f:\bifu\non_georges\81967dc0d9be9dc4015db1a88908d940.jpg,non_georges,0
f:\bifu\non_georges\2a91635a237b616b2559a0bb047e3fdc.jpg,non_georges,0
f:\bifu\non_georges\cba5731d2669a1adc84a149d58a45db3.jpg,non_georges,0
f:\bifu\non_georges\41b1c753ba4aee16927a6ea1dfb284f1.jpg,non_georges,0
f:\bifu\non_georges\907304074f4744df9f260aaa5bfb485f.jpg,non_georges,0
f:\bifu\non_georges\58650cabf3b4b94d225b94c0d67e0656.jpg,non_georges,0
f:\bifu\non_georges\bdcafc2f497ae7adf0520c3eadc17354.jpg,non_georges,0
f:\bifu\non_georges\2a20cd0b99923ab2e79315f49b4e55b7.jpg,non_georges,0
f:\bifu\non_georges\e0225da1797c01df3a0f858048280f27.jpg,non_georges,0
f:\bifu\non_georges\9b297154d887feea37adf6e59fdf138d.jpg,non_georges,0
f:\bifu\non_georges\abf818bd762752d2aa3cf27f696a8e39.jpg,non_georges,0
f:\bifu\non_georges\1064424588c9041f7740bbae87c5803e.jpg,non_georges,0
f:\bifu\non_georges\0adc14613d50788adc81acc1dea70f81.jpg,non_georges,0
f:\bifu\non_georges\ed10473b50c04776033b5a7aa5e8b8d9.jpg,non_georges,0
f:\bifu\non_georges\cb47d2f6f12d7fd519f871a9dbf744b6.jpg,non_georges,0
f:\bifu\non_georges\c2a1daf53a69810b52bdc8fa2b4067cd.jpg,non_georges,0
f:\bifu\non_georges\18afec95aaecbcfffe89bfe820176194.jpg,non_georges,0
f:\bifu\non_georges\ef48606fe7bfdc4b5ed3691229de1bef.jpg,non_georges,0
f:\bifu\non_georges\d88b17df1129a13bd10255307d9f77c8.jpg,non_georges,0
f:\bifu\non_georges\9f627144e7772b5b22226ee6bc1ef1b5.jpg,non_georges,0
f:\bifu\non_georges\c4585bf499b860da576b4918c52186f3.jpg,non_georges,0
f:\bifu\non_georges\300fe63d792a5f6725c1672a450602a8.jpg,non_georges,0
f:\bifu\non_georges\e1951d79b02e6a5cd15ce59ae4898df0.jpg,non_georges,0
f:\bifu\non_georges\718b93cd8d48ad3d218d2f84dd019d90.jpg,non_georges,0
f:\bifu\non_georges\2c963e07e1ac8fa1bb2b530ea9d040f6.jpg,non_georges,0
f:\bifu\non_georges\48afb6f2d5df3a00d410b4969680652f.jpg,non_georges,0
f:\bifu\non_georges\064029ac4eec71aa9a87c0210a8734a5.jpg,non_georges,0
f:\bifu\non_georges\b8c3349e338ad10d8f22f0c46dbb4d95.jpg,non_georges,0
f:\bifu\non_georges\fab48f81a0272e2a9b8cc1d5a407e52a.jpg,non_georges,0
f:\bifu\non_georges\4e305e37911edd6a15afc895564cd157.jpg,non_georges,0
f:\bifu\non_georges\65d74e6ac2e1d3bec1210aaa650d7cc2.jpg,non_georges,0
f:\bifu\non_georges\759d5aae1066b699c7bd3d834529869f.jpg,non_georges,0
f:\bifu\non_georges\ff7f402c9308a70fcbe7af31d5477220.jpg,non_georges,0
f:\bifu\non_georges\b530e843131093c0503318201a300d4a.jpg,non_georges,0
f:\bifu\non_georges\e0fa86ae7822f2720e04fe3ecc785bb7.jpg,non_georges,0
f:\bifu\non_georges\6146ec6d710165d257435cd3969bdcf2.jpg,non_georges,0
f:\bifu\non_georges\7d93befcf82355840aa5e56c97d26079.jpg,non_georges,0
f:\bifu\non_georges\2a24c4b2561dd0def197fbd82fa62336.jpg,non_georges,0
f:\bifu\non_georges\1e0cf746271b2add38f903d2e48f3bdf.jpg,non_georges,0
f:\bifu\non_georges\e9729d442bd9979c43496d0e1b27be7f.jpg,non_georges,0
f:\bifu\non_georges\f7fe9b34d868a2332fb11f3bb0e79936.jpg,non_georges,0
f:\bifu\non_georges\11aba7186bf346135203d9df1f25d5d0.jpg,non_georges,0
f:\bifu\non_georges\5ad48606c080387023cf52e7d1bfd3d3.jpg,non_georges,0
f:\bifu\non_georges\574977f4ade9e684b564a63800ef477b.jpg,non_georges,0
f:\bifu\non_georges\ca8d36b2d00ec7e337c7b62bb38f48c9.jpg,non_georges,0
f:\bifu\non_georges\220a47dde80f7126159ab78a08603b4a.jpg,non_georges,0
f:\bifu\non_georges\2fe60a4d7854cacb0f0e4d41eb8d423d.jpg,non_georges,0
f:\bifu\non_georges\113cca54c2906355e3ba1c009564ae13.jpg,non_georges,0
f:\bifu\non_georges\d6fc78d0f91b2f2adb7d1fea87f7029c.jpg,non_georges,0
f:\bifu\non_georges\964da5d2d8f4f5186b323f170c55f17a.jpg,non_georges,0
f:\bifu\non_georges\d41c401530d1c82dc76da521027c05f3.jpg,non_georges,0
f:\bifu\non_georges\cc657e04b56e6848bbe533146987a06d.jpg,non_georges,0
f:\bifu\non_georges\fe94907e4252e1f19e49cb361a731e4c.jpg,non_georges,0
f:\bifu\non_georges\40b6650e3585d78bc74f7719b7d5fbbf.jpg,non_georges,0
f:\bifu\non_georges\ed49eca837a7de8b13d11c93bb02de75.jpg,non_georges,0
f:\bifu\non_georges\38e7ffdf12294f37baeda442401d35fe.jpg,non_georges,0
f:\bifu\non_georges\4c9e349b89ed007644c4a53a2f99dcf1.jpg,non_georges,0
f:\bifu\non_georges\2ce05fc0c48f0c7d62e43190f8035197.jpg,non_georges,0
f:\bifu\non_georges\b61c37305e52af918670b5c2dc7edc06.jpg,non_georges,0
f:\bifu\non_georges\5f9c175c2350bcacff98751a689d698d.jpg,non_georges,0
f:\bifu\non_georges\21f6cfed863bdb11d71f4915fe917560.jpg,non_georges,0
f:\bifu\non_georges\575719e7cc9b6a6fa4f8e264e7a86d68.jpg,non_georges,0
f:\bifu\non_georges\05283946138a0bbe695b733825adfae4.jpg,non_georges,0
f:\bifu\non_georges\97899a60f29ced99c84659355455e592.jpg,non_georges,0
f:\bifu\non_georges\c293969a58b44eb5f2d3f560995a0589.jpg,non_georges,0
f:\bifu\non_georges\a43a5a54df1cb00527838deed6313f33.jpg,non_georges,0
f:\bifu\non_georges\8451c1f368668b7010de7439278be8a8.jpg,non_georges,0
f:\bifu\non_georges\8d3030b248c0870f5eb063acbf11ee58.jpg,non_georges,0
f:\bifu\non_georges\a4e5a648e56da9bd6ebfd2818a561e88.jpg,non_georges,0
f:\bifu\non_georges\8453e50f89506fb01d521ee2aa01584e.jpg,non_georges,0
f:\bifu\non_georges\f5bd0eab353cb8cc5539926337912260.jpg,non_georges,0
f:\bifu\non_georges\6393256123df50cbab86021d3f9e5a90.jpg,non_georges,0
f:\bifu\non_georges\20018cf9d2800ee63ba9bbb6d1cad04d.jpg,non_georges,0
f:\bifu\non_georges\b3bb625c51f389e01fcabce83c2fa536.jpg,non_georges,0
f:\bifu\non_georges\3ffb2976d4862929d9fbd6cb47a72109.jpg,non_georges,0
f:\bifu\non_georges\38d8fe7863c90dc5a815b6d86998540d.jpg,non_georges,0
f:\bifu\non_georges\d8fd35f1ea2381e466879f48d95ccd63.jpg,non_georges,0
f:\bifu\non_georges\d12c3193150862e1e5c61ec9f0294584.jpg,non_georges,0
f:\bifu\non_georges\028b664be82072a43fcf077797e66100.jpg,non_georges,0
f:\bifu\non_georges\8757af0fc7b715c220c9b27040f5c492.jpg,non_georges,0
f:\bifu\non_georges\c577d6b59c4f94c3c4fa852462014664.jpg,non_georges,0
f:\bifu\non_georges\682648edcb34343a5af5c704ffc0a5b9.jpg,non_georges,0
f:\bifu\non_georges\565e714fe20492c1ef9d4ebe07b3fae2.jpg,non_georges,0
f:\bifu\non_georges\d18adfed74a50bced2b95f7e09454ab9.jpg,non_georges,0
f:\bifu\non_georges\e8960a104361c95de06073835a7a708a.jpg,non_georges,0
f:\bifu\non_georges\d12e1666ad0de04f7ded1510f5364e05.jpg,non_georges,0
f:\bifu\non_georges\ebce72ceff01e801eedd0288e5137037.jpg,non_georges,0
f:\bifu\non_georges\5b8f5b77f1ea3ef13c4905c67422583d.jpg,non_georges,0
f:\bifu\non_georges\780a3f73646ea6809032dc68af9b882e.jpg,non_georges,0
f:\bifu\non_georges\ce3b54edfffdfd38f0057aa8be77998c.jpg,non_georges,0
f:\bifu\non_georges\6d7ad948ea7ba5b4dbf64ea9972ce984.jpg,non_georges,0
f:\bifu\non_georges\fff85e1a9c3a09219073ac55fe13d519.jpg,non_georges,0
f:\bifu\non_georges\93702dfb0667df6c5442c2570e396fd2.jpg,non_georges,0
f:\bifu\non_georges\2216c68ea407339fb654462babe04c2e.jpg,non_georges,0
f:\bifu\non_georges\499544288db1069bf994734d7cae2846.jpg,non_georges,0
f:\bifu\non_georges\2eeda2d0a41f3b54e30f28a42790602d.jpg,non_georges,0
f:\bifu\non_georges\f3bb701c56d2ace51586f5a0e6ba9f26.jpg,non_georges,0
f:\bifu\non_georges\155ee3942467a070620088adf6def5ad.jpg,non_georges,0
f:\bifu\non_georges\c84cc76d3a89474206eea90c2316e891.jpg,non_georges,0
f:\bifu\non_georges\d65b7d3f393ea4d3df78a411acc9907d.jpg,non_georges,0
f:\bifu\non_georges\a7ce6d01276f631e2199285c6d48c7f9.jpg,non_georges,0
f:\bifu\non_georges\fc642ff995cf6c6bc4e8d1c62040ed9e.jpg,non_georges,0
f:\bifu\non_georges\681d1e18fafe019790e85c2037a6f2b2.jpg,non_georges,0
f:\bifu\non_georges\0317c70212ae63c29d1e3ffab067cd48.jpg,non_georges,0
f:\bifu\non_georges\056311f16ceb2ff472e0a8036168bde3.jpg,non_georges,0
f:\bifu\non_georges\886f9be4daed620c4bc7f6dd7447e693.jpg,non_georges,0
f:\bifu\non_georges\75e1c65c54cf437798ce5649cfc18d18.jpg,non_georges,0
f:\bifu\non_georges\b064eaafa46f472cb4dcc98d212c64a0.jpg,non_georges,0
f:\bifu\non_georges\edb3fc29f2fb8a84339183b6baed8d72.jpg,non_georges,0
f:\bifu\non_georges\5f64811726fdbaf7a6e3c428c8fc501b.jpg,non_georges,0
f:\bifu\non_georges\f25787a3dff82de90246fff8a726f1ef.jpg,non_georges,0
f:\bifu\non_georges\f51f11460692999ba6382e38bf699636.jpg,non_georges,0
f:\bifu\non_georges\1e938920816c8d7b721ae79d0a00b063.jpg,non_georges,0
f:\bifu\non_georges\4eda4441b5aa8f1188e1b89ddcf03fde.jpg,non_georges,0
f:\bifu\non_georges\959f66814bce4543fd92b5602bda6575.jpg,non_georges,0
f:\bifu\non_georges\568e3b38dd3af11e98bea14e92a30a8b.jpg,non_georges,0
f:\bifu\non_georges\1c3eb39055b153c88889333ca6e949f7.jpg,non_georges,0
f:\bifu\non_georges\a315f7d2a61c235468592cc5d24729cb.jpg,non_georges,0
f:\bifu\non_georges\5afa33969064bb68c228451b8cc2899d.jpg,non_georges,0
f:\bifu\non_georges\6c2998921c455deb1d2ca95fc22904f9.jpg,non_georges,0
f:\bifu\non_georges\d9e287a800120dba9b6d7522d30a4296.jpg,non_georges,0
f:\bifu\non_georges\f49a966508f5366367a02447813067c0.jpg,non_georges,0
f:\bifu\non_georges\792c7c6418e124ea546efcd5ef88a422.jpg,non_georges,0
f:\bifu\non_georges\d53856805b6ae8ae752d21c6a19e5251.jpg,non_georges,0
f:\bifu\non_georges\e9084db6eb76eaf88ed6dac82bf1af82.jpg,non_georges,0
f:\bifu\non_georges\1c83ac11e1bd9a0d6330fcd2dd32429e.jpg,non_georges,0
f:\bifu\non_georges\0719231c58912d55d4fb7ec038d7947f.jpg,non_georges,0
f:\bifu\non_georges\9a60ec7f970c6a85fe6965c6305638f4.jpg,non_georges,0
f:\bifu\non_georges\fb3e02311a9d07f8fc7bcf31e5413e53.jpg,non_georges,0
f:\bifu\non_georges\d7b5c2acdc5d12a3035d8317656ceaed.jpg,non_georges,0
f:\bifu\non_georges\7ed06d9e8af3ad75a09471df31acfb7f.jpg,non_georges,0
f:\bifu\non_georges\7aa1ecede2200207be6f5ac1f2bd46ba.jpg,non_georges,0
f:\bifu\non_georges\de98f386a0c977e24a18141382956bb1.jpg,non_georges,0
f:\bifu\non_georges\bd3e24fc31c94e26f936c4a39a89204a.jpg,non_georges,0
f:\bifu\non_georges\a257cf2a359edacfdc08e6075e2f6973.jpg,non_georges,0
f:\bifu\non_georges\5fa5c21334a084bb0cf5e42fe61285cc.jpg,non_georges,0
f:\bifu\non_georges\6c724618de0c7735ec845b1e3fd02e6f.jpg,non_georges,0
f:\bifu\non_georges\5bc6be714e4f6ad714950d51ecce987e.jpg,non_georges,0
f:\bifu\non_georges\6f5496a08e7a0dd3f213a67b91ba92c9.jpg,non_georges,0
f:\bifu\non_georges\5d5a0c60f63b30605383c54f59401a0f.jpg,non_georges,0
f:\bifu\non_georges\4b39a157a230fa6a35563c22ac244704.jpg,non_georges,0
f:\bifu\non_georges\daa65578657f151e39cd48e95da6692e.jpg,non_georges,0
f:\bifu\non_georges\6b4ce96c57b3098f41216f5dff9e52b8.jpg,non_georges,0
f:\bifu\non_georges\ff946862d1022cb4ec436506868f9a5d.jpg,non_georges,0
f:\bifu\non_georges\a1c7e0d4e5ae0c655a9d1b33f6b295f7.jpg,non_georges,0
f:\bifu\non_georges\f25ae7582973f405bb1b7ad51711a396.jpg,non_georges,0
f:\bifu\non_georges\bcfd988a65bb70a71bb7823a311f2ae5.jpg,non_georges,0
f:\bifu\non_georges\9f55cf2bfe778f0b14e590f0272de012.jpg,non_georges,0
f:\bifu\non_georges\3bf652602cb97124d06a816072c0fbf5.jpg,non_georges,0
f:\bifu\non_georges\b5921647f0c94778d145601d9735ccbb.jpg,non_georges,0
f:\bifu\non_georges\cffd283cde463640d8929f7d060752e8.jpg,non_georges,0
f:\bifu\non_georges\741f3c75f2804390944b87ca3c0360e0.jpg,non_georges,0
f:\bifu\non_georges\f23acc70a84645cc576990aeaac38e67.jpg,non_georges,0
f:\bifu\non_georges\1023c6bba5edddbb66b99296b9c3175e.jpg,non_georges,0
f:\bifu\non_georges\1ada6bfac9b0bbb27d707a5c762d7b50.jpg,non_georges,0
f:\bifu\non_georges\7f4adef5cd8ad40001a5408ea0b1fe51.jpg,non_georges,0
f:\bifu\non_georges\ae47f899361d82043f912b0190ea7abd.jpg,non_georges,0
f:\bifu\non_georges\a1bb33873e5192baa3ea7102754e8c29.jpg,non_georges,0
f:\bifu\non_georges\b484cd158224f6a2f4af5524eaa3b976.jpg,non_georges,0
f:\bifu\non_georges\dea4c651a98456cf69da97ce8adc539c.jpg,non_georges,0
f:\bifu\non_georges\81734dd8b605bc8e4fc6c72fe28271b1.jpg,non_georges,0
f:\bifu\non_georges\05cf7a94efe4edba82a32edd33c13274.jpg,non_georges,0
f:\bifu\non_georges\e2e7db5f0b927e7175176f3b10f400b2.jpg,non_georges,0
f:\bifu\non_georges\7572446d7fa38bd5b51f81bbe431c840.jpg,non_georges,0
f:\bifu\non_georges\1efe9682357e433a2f179013f7d5c310.jpg,non_georges,0
f:\bifu\non_georges\564d1405e2cf7dae9e67dd2fd087df8f.jpg,non_georges,0
f:\bifu\non_georges\1e970bd280a0a0ad7e7d27c58b637e41.jpg,non_georges,0
f:\bifu\non_georges\cad232a28003e9744f1cd3eaf38a66ff.jpg,non_georges,0
f:\bifu\non_georges\19c0764e56d95eff56ce5c8f9169a0ec.jpg,non_georges,0
f:\bifu\non_georges\68cdd32ef7970a576033c24838b44e2d.jpg,non_georges,0
f:\bifu\non_georges\6f192803ff31dc3557b8f2cf07efe9ea.jpg,non_georges,0
f:\bifu\non_georges\cbdf00d77467ff1677520cf6600c2d39.jpg,non_georges,0
f:\bifu\non_georges\bc23d690e90faf8af85a80173f5c7377.jpg,non_georges,0
f:\bifu\non_georges\526beb752aad13c4dcc5ce44af4c5421.jpg,non_georges,0
f:\bifu\non_georges\eefcc7757471311ad061730d211a2240.jpg,non_georges,0
f:\bifu\non_georges\1c3f6d379901bee8f42d7e53222af610.jpg,non_georges,0
f:\bifu\non_georges\e86cb3671cfaee50793bf61b80fbf89f.jpg,non_georges,0
f:\bifu\non_georges\fe24cdb3233b1bd767fb03f57ea955aa.jpg,non_georges,0
f:\bifu\non_georges\a010168356d15694077454af3e5e46a4.jpg,non_georges,0
f:\bifu\non_georges\01a0785715b064b10ade9be9e32449b5.jpg,non_georges,0
f:\bifu\non_georges\a45632d880e394cc2854174004eb41f8.jpg,non_georges,0
f:\bifu\non_georges\7b702efaa180944ab6dac8d0cfe82c6f.jpg,non_georges,0
f:\bifu\non_georges\8d7c191c51e5bff0d907dc8b635dd3a7.jpg,non_georges,0
f:\bifu\non_georges\630c2a8a189255364cd9bcc1a6efdc64.jpg,non_georges,0
f:\bifu\non_georges\ce89631fcd371e4cb05c609ea65f6520.jpg,non_georges,0
f:\bifu\non_georges\6ca8b4ce3517e04c98d1ea01ad46acff.jpg,non_georges,0
f:\bifu\non_georges\92018c46ea104e5bea28f9dc129a0b0b.jpg,non_georges,0
f:\bifu\non_georges\d65fe14c2773136b2e7420c77e2d9834.jpg,non_georges,0
f:\bifu\non_georges\068654fe582fc76e1d28840c109b0cb6.jpg,non_georges,0
f:\bifu\non_georges\e93513065324575da7c09c8edc79a088.jpg,non_georges,0
f:\bifu\non_georges\a716e2b3f79d764bde88d88c8c9a7b45.jpg,non_georges,0
f:\bifu\non_georges\c6a1c5f3eac46d14ddc6492447933bf2.jpg,non_georges,0
f:\bifu\non_georges\0224684aaf4b46933fbfc22c899a26c7.jpg,non_georges,0
f:\bifu\non_georges\d76f7b8892ace707d4bf7d16393b03a8.jpg,non_georges,0
f:\bifu\non_georges\b9731a6324eb0b6c22815289c9e4e7f9.jpg,non_georges,0
f:\bifu\non_georges\4c3104a25b3e0d21ef8580d991531d8e.jpg,non_georges,0
f:\bifu\non_georges\d018cd8514ad7f746f23f5dd8942d837.jpg,non_georges,0
f:\bifu\non_georges\1d725f11eac9adfc7ceb71715b064916.jpg,non_georges,0
f:\bifu\non_georges\8165ca9f0de1beb78e3ace808f6983e9.jpg,non_georges,0
f:\bifu\non_georges\c7ddd719bb51a2b1bceca7f9f8a1ddcd.jpg,non_georges,0
f:\bifu\non_georges\9d8045c607e21b78c60e3f14009356a2.jpg,non_georges,0
f:\bifu\non_georges\1993eee0ea58e3a1980cf931241ebd20.jpg,non_georges,0
f:\bifu\non_georges\71f6e0bdce7252fff6e356cfc1782b6d.jpg,non_georges,0
f:\bifu\non_georges\8aac867b5e78e8207af56e1c3704f603.jpg,non_georges,0
f:\bifu\non_georges\ee2d813ac8f4dfd1c3a2135b4e6bed24.jpg,non_georges,0
f:\bifu\non_georges\f940a379fe7a2360ce701096b48fba06.jpg,non_georges,0
f:\bifu\non_georges\f302735117f46c4e41a1ec441c720b6e.jpg,non_georges,0
f:\bifu\non_georges\bbfffcf782c1292830058fa6c3d71459.jpg,non_georges,0
f:\bifu\non_georges\4cc735113d19022167c9a5b812941caf.jpg,non_georges,0
f:\bifu\non_georges\7c5edd95710145cbcae2f0242f414b64.jpg,non_georges,0
f:\bifu\non_georges\35aaf75e4d52e8834204bb02cc8658b0.jpg,non_georges,0
f:\bifu\non_georges\dd0ae0c7b94e11af015f2d736b0cb488.jpg,non_georges,0
f:\bifu\non_georges\df1e22ccff02439fcc7c639564804f28.jpg,non_georges,0
f:\bifu\non_georges\92cc7a2c0a12f52ed101c7ff1861ec65.jpg,non_georges,0
f:\bifu\non_georges\e82ad0b6255acce1b8582e8499398801.jpg,non_georges,0
f:\bifu\non_georges\d754cdc35b2ae272ff625d8eeeed9f53.jpg,non_georges,0
f:\bifu\non_georges\65213e3738e7a3d4c923e09ef3bc77e9.jpg,non_georges,0
f:\bifu\non_georges\9989df11657cf0eed110438da18603a8.jpg,non_georges,0
f:\bifu\non_georges\9e3ba686a58a6ab64040e6cfcea21c09.jpg,non_georges,0
f:\bifu\non_georges\072823723444798e773d1159ec885093.jpg,non_georges,0
f:\bifu\non_georges\08d0b66822744572ead80142b79f826d.jpg,non_georges,0
f:\bifu\non_georges\0607708bbf20e4ff4ec083091b3e39af.jpg,non_georges,0
f:\bifu\non_georges\a1960cd802dde7aadb01f0b0b2e67789.jpg,non_georges,0
f:\bifu\non_georges\42694bb090a74a2248c32520686afbde.jpg,non_georges,0
f:\bifu\non_georges\6d53c2e34c2582b8deaaabdad87c3442.jpg,non_georges,0
f:\bifu\non_georges\dafd47aef931f0692001e247495c46a4.jpg,non_georges,0
f:\bifu\non_georges\58fbfe15ecb103e409c2e1ac5498a53c.jpg,non_georges,0
f:\bifu\non_georges\d94d228cfd6cc1ede34dd6e9eaade3f0.jpg,non_georges,0
f:\bifu\non_georges\7fce62d4c71c1185cb6db04b4142d748.jpg,non_georges,0
f:\bifu\non_georges\c4eebc5a9f0c599a95a3973374d7e637.jpg,non_georges,0
f:\bifu\non_georges\29565e177590a5f5cdffd68f150fc71d.jpg,non_georges,0
f:\bifu\non_georges\ea26c308d13b88e8c6a437444b83993c.jpg,non_georges,0
f:\bifu\non_georges\2d2854a48eff78b92cdd99fa02f2fd8b.jpg,non_georges,0
f:\bifu\non_georges\40d5d76f42692201128dbbafb484b8f9.jpg,non_georges,0
f:\bifu\non_georges\27d790f9db652c0e1e74f90fe5ef6f42.jpg,non_georges,0
f:\bifu\non_georges\4bc4fb39a8a9510e45668513ff2aac6a.jpg,non_georges,0
f:\bifu\non_georges\64e9294eed5a0e8f479f41b62fe24b1e.jpg,non_georges,0
f:\bifu\non_georges\601f2c45c1ea0a0b0fda7028294a4790.jpg,non_georges,0
f:\bifu\non_georges\63fc57073c9c3670846ac5c869c72f08.jpg,non_georges,0
f:\bifu\non_georges\2fc6869b5a253a883f98d387d90a0821.jpg,non_georges,0
f:\bifu\non_georges\1505a87ba85fa802633a7767a8e22d00.jpg,non_georges,0
f:\bifu\non_georges\37a548632639419a4fb0ddae7517526c.jpg,non_georges,0
f:\bifu\non_georges\ba52d7886fedb002c8491c5f68fc3f6c.jpg,non_georges,0
f:\bifu\non_georges\fc2a9a4d0f254d649797a05c9c42b3bf.jpg,non_georges,0
f:\bifu\non_georges\9613bfd0aac2567d151104b9c59e717c.jpg,non_georges,0
f:\bifu\non_georges\136f119d0dd7e823cc5e180201277286.jpg,non_georges,0
f:\bifu\non_georges\495d187f568439baf945274ffc838161.jpg,non_georges,0
f:\bifu\non_georges\c62aae056e1c2613ffc49ec89183975d.jpg,non_georges,0
f:\bifu\non_georges\9a09d60088e9ddacd6982437cea12621.jpg,non_georges,0
f:\bifu\non_georges\ee37dafa3166091a1f7c0dd802c3ee0d.jpg,non_georges,0
f:\bifu\non_georges\d86700389ead312804c1793c560784fe.jpg,non_georges,0
f:\bifu\non_georges\7681f3b860cd64e5b55eef449c0c37c3.jpg,non_georges,0
f:\bifu\non_georges\c779a23be487cfc1ee248d7012789021.jpg,non_georges,0
f:\bifu\non_georges\bee77f20161c80b2061cce105b89a000.jpg,non_georges,0
f:\bifu\non_georges\a3a62d855201d524405eb898e345bae3.jpg,non_georges,0
f:\bifu\non_georges\bad62bc6efa3883413df693fb6b48a87.jpg,non_georges,0
f:\bifu\non_georges\7209a3dce50b8c83600e0432d9a98ecb.jpg,non_georges,0
f:\bifu\non_georges\75e06c95a43b7b96e6b2b2db598424f0.jpg,non_georges,0
f:\bifu\non_georges\2f0481898b3748c0959b201acfbf5f93.jpg,non_georges,0
f:\bifu\non_georges\a7e9676755e2de2012f22803c792b4ea.jpg,non_georges,0
f:\bifu\non_georges\f400b2ae925929d732b1d1e7c2282141.jpg,non_georges,0
f:\bifu\non_georges\b00ed78a8907b72e29bbc58031db824c.jpg,non_georges,0
f:\bifu\non_georges\813ab1ed53063a8b5ece89e6d9950bc5.jpg,non_georges,0
f:\bifu\non_georges\be12029a73dee31e07ac1ad076c08ff9.jpg,non_georges,0
f:\bifu\non_georges\dc9c2a54571d65d3723d98fa786aa24c.jpg,non_georges,0
f:\bifu\non_georges\a9d497fbe83d03e4a3351871aebc4fa2.jpg,non_georges,0
f:\bifu\non_georges\cc7cf1ff0873b9592899080c175b3f5a.jpg,non_georges,0
f:\bifu\non_georges\1a759809020aeda20cf9fdf8513b2617.jpg,non_georges,0
f:\bifu\non_georges\2cf491a8ff912147edaebd42a25ebd51.jpg,non_georges,0
f:\bifu\non_georges\3e47b311ebf96722730850456e2203e6.jpg,non_georges,0
f:\bifu\non_georges\abf880f134955b6e4863bd4b4c1f98a6.jpg,non_georges,0
f:\bifu\non_georges\34c901e227273d75210fada16285a76d.jpg,non_georges,0
f:\bifu\non_georges\a748ed8fa81ee77d167664d7f84ce924.jpg,non_georges,0
f:\bifu\non_georges\dd9f63125cbf1ff14a9a09b9f9def1e7.jpg,non_georges,0
f:\bifu\non_georges\9970747d1e31d1fdfad3f883c5e5f47f.jpg,non_georges,0
f:\bifu\non_georges\b171fa85a4fc869924124c9cb03ce948.jpg,non_georges,0
f:\bifu\non_georges\e3e18af0eefce4c5fa51b642d9ab80e6.jpg,non_georges,0
f:\bifu\non_georges\36f8143304590826f1199098fffccc7a.jpg,non_georges,0
f:\bifu\non_georges\23aa7412cf7b5056476a35e183b2a3f8.jpg,non_georges,0
f:\bifu\non_georges\60000868b6149c3476f6a628ff41791d.jpg,non_georges,0
f:\bifu\non_georges\bf7a582a09785f12da49d158fb1fd3dd.jpg,non_georges,0
f:\bifu\non_georges\be4d653d46d28bc68786f9570fff7735.jpg,non_georges,0
f:\bifu\non_georges\e7ceb3fbee70776b330d5829fc28de24.jpg,non_georges,0
f:\bifu\non_georges\d6cd193a6d5c8dbd08bae0c655ce912d.jpg,non_georges,0
f:\bifu\non_georges\ea59cf47bea0e64e7553dc45068cae27.jpg,non_georges,0
f:\bifu\non_georges\1d0bce3f08fdaf30b654b0a9f6b5dd52.jpg,non_georges,0
f:\bifu\non_georges\616ea506f0bdaecf771561e2d5fd0ea4.jpg,non_georges,0
f:\bifu\non_georges\d14ec59cbd8d17cec8c4ed2bec3f7c21.jpg,non_georges,0
f:\bifu\non_georges\7a46940c17d8ec88a48413768682ce8c.jpg,non_georges,0
f:\bifu\non_georges\dff52a02111c01445bf8499251382ac5.jpg,non_georges,0
f:\bifu\non_georges\c683084bf5720741e18904c16f6220c2.jpg,non_georges,0
f:\bifu\non_georges\7f36c320165d5bc7e1939f7c81247711.jpg,non_georges,0
f:\bifu\non_georges\2eee1de7ceaa40979ced9bda06245f02.jpg,non_georges,0
f:\bifu\non_georges\7a01a6965b98ebabd848dbb36926607e.jpg,non_georges,0
f:\bifu\non_georges\e74ae381d026ecbf53e202da99ea2879.jpg,non_georges,0
f:\bifu\non_georges\f7c4230b739201a8e695dca4581efc76.jpg,non_georges,0
f:\bifu\non_georges\78daec183840c8f9cf5402d41d998380.jpg,non_georges,0
f:\bifu\non_georges\9f55f34df1534da4621dce6d100fdbab.jpg,non_georges,0
f:\bifu\non_georges\391b7d527348271e25b1dba2f28f4db9.jpg,non_georges,0
f:\bifu\non_georges\2d9fc2154dadcbea1a621872647b48aa.jpg,non_georges,0
f:\bifu\non_georges\6e5051f16b2e7a3a611ca31f586e111c.jpg,non_georges,0
f:\bifu\non_georges\08eab59c03c563a8eda02969e57c6b24.jpg,non_georges,0
f:\bifu\non_georges\4af0e6a6f0a7852deb966bccb413a2a4.jpg,non_georges,0
f:\bifu\non_georges\78fec8d9b642a0f67778130f98d97ac9.jpg,non_georges,0
f:\bifu\non_georges\7eac8cf15d3cac6d0102d3b5c291b567.jpg,non_georges,0
f:\bifu\non_georges\916d00225e40416547a1182d91b94ced.jpg,non_georges,0
f:\bifu\non_georges\3533f5006131a4c12bc75266a582079e.jpg,non_georges,0
f:\bifu\non_georges\d1ace9b7fe7e8fc475d8a985b1992b0b.jpg,non_georges,0
f:\bifu\non_georges\ac54eb6e68520828d12cfebde87336a4.jpg,non_georges,0
f:\bifu\non_georges\4acd64c69141cb6465b2fc42e3a30470.jpg,non_georges,0
f:\bifu\non_georges\2a2c5c555a14294ac80d1dbe6d56c966.jpg,non_georges,0
f:\bifu\non_georges\d472b39a519d6b4a7e63120b39d5f097.jpg,non_georges,0
f:\bifu\non_georges\fa4713a9c9877bd451b7115a08617510.jpg,non_georges,0
f:\bifu\non_georges\a5853266dde80c95a5606eccfac10716.jpg,non_georges,0
f:\bifu\non_georges\266798d07a4d75d91342d29ac933dd34.jpg,non_georges,0
f:\bifu\non_georges\90106115fbbf990a4dbe1db80eb2bd11.jpg,non_georges,0
f:\bifu\non_georges\b7c70ca1aa15e204a1dde46183972f6a.jpg,non_georges,0
f:\bifu\non_georges\e7c6db62fd92f1569d37f9e3f7921f57.jpg,non_georges,0
f:\bifu\non_georges\2a54aac2b9748cbd2c7b32808b358b86.jpg,non_georges,0
f:\bifu\non_georges\312cf913e17e6377d53784b0c2097cd6.jpg,non_georges,0
f:\bifu\non_georges\fb59d18079f585a90810c68d277ee70b.jpg,non_georges,0
f:\bifu\non_georges\9b5507e1d811f1a31dc4f3a491eb2e70.jpg,non_georges,0
f:\bifu\non_georges\acefbaa999aeff1d54c3da6e6cd3716a.jpg,non_georges,0
f:\bifu\non_georges\46f11b0f5de973dbcc2297cbd6e7eb24.jpg,non_georges,0
f:\bifu\non_georges\f21018f607b4f84e15c772004f04af7f.jpg,non_georges,0
f:\bifu\non_georges\0c5a48ec23230c2955193926ff534c09.jpg,non_georges,0
f:\bifu\non_georges\79ed08089644809a4f5e6f5af77c9f38.jpg,non_georges,0
f:\bifu\non_georges\a2eaeafa3b101d3172cd23c5a671c184.jpg,non_georges,0
f:\bifu\non_georges\c73c5a6e2229e87bc357ff961aefe8c5.jpg,non_georges,0
f:\bifu\non_georges\38e41b2c37020c855dd2698014e7f0eb.jpg,non_georges,0
f:\bifu\non_georges\acb13ad71e480944d93c46880d366dd9.jpg,non_georges,0
f:\bifu\non_georges\82cfd1c4854f0afcf23e7d88b171c53a.jpg,non_georges,0
f:\bifu\non_georges\e7d49e1aad43ca434e4ae6fbeece7cc0.jpg,non_georges,0
f:\bifu\non_georges\e9be744520e242f1f735c90308990c48.jpg,non_georges,0
f:\bifu\non_georges\27cea9353fed8e4d5929cf2b6da392cc.jpg,non_georges,0
f:\bifu\non_georges\47ee41251d9d57a1470fff6b53a90648.jpg,non_georges,0
f:\bifu\non_georges\bc0949c148225a93d3262f0f1b158eb7.jpg,non_georges,0
f:\bifu\non_georges\41c9464dbb3549aa663e27875cec6e74.jpg,non_georges,0
f:\bifu\non_georges\5e7df1333f7060f7b0bc301f5b042665.jpg,non_georges,0
f:\bifu\non_georges\59b20ef6eb9c2e12d59eb15bfb72f266.jpg,non_georges,0
f:\bifu\non_georges\89596f599775c3aba04c0c843be441e4.jpg,non_georges,0
f:\bifu\non_georges\3958d6a897ea88404c9be4ef6a5091c0.jpg,non_georges,0
f:\bifu\non_georges\e9baf203b6eb0cd402f7bfdd423ffb3b.jpg,non_georges,0
f:\bifu\non_georges\9de0d3e30f7f7fa1671a306c1dfd39dd.jpg,non_georges,0
f:\bifu\non_georges\1c89486131303af412c264fb2d840dbd.jpg,non_georges,0
f:\bifu\non_georges\9af83d9446f347618a51646bfd72cdc3.jpg,non_georges,0
f:\bifu\non_georges\4ad361c7b7789b5eed32f5de278d499e.jpg,non_georges,0
f:\bifu\non_georges\75d329eb5a778a79746c3af899e1cf13.jpg,non_georges,0
f:\bifu\non_georges\b4cf30d54f94b3e7ff8ce0ddcc6c8534.jpg,non_georges,0
f:\bifu\non_georges\b51d2bcef8bac4bbb8b0dede97971927.jpg,non_georges,0
f:\bifu\non_georges\529b72d3c703330b59091d8732ffc390.jpg,non_georges,0
f:\bifu\non_georges\110993aae057d38a74250ad2b6c4028a.jpg,non_georges,0
f:\bifu\non_georges\82376209ad210be78924c2175460a7ab.jpg,non_georges,0
f:\bifu\non_georges\4874df6d285e91b95e78cf28471879d9.jpg,non_georges,0
f:\bifu\non_georges\d21df43de72af8c3fe38488d4b66e6fe.jpg,non_georges,0
f:\bifu\non_georges\91234be0d5295b1ad2fb551ca085771a.jpg,non_georges,0
f:\bifu\non_georges\f75009d36d256304ab732f476972fd60.jpg,non_georges,0
f:\bifu\non_georges\e74dfdb55e967bb0da51894ac74bef50.jpg,non_georges,0
f:\bifu\non_georges\182182664ab23c61a96eab8930d3176d.jpg,non_georges,0
f:\bifu\non_georges\1a719fabaf189d37554833a37a1cfa1f.jpg,non_georges,0
f:\bifu\non_georges\c8588b71900830cd94656ae17d903ad2.jpg,non_georges,0
f:\bifu\non_georges\42febd9d76ff2346583b7d798e2511c8.jpg,non_georges,0
f:\bifu\non_georges\7fc1b12e53128af6e66f44f472fe57a9.jpg,non_georges,0
f:\bifu\non_georges\f555e8faafec2a201e37d0ba4f99a920.jpg,non_georges,0
f:\bifu\non_georges\8b58bbf937e75bc0421f517dc6164435.jpg,non_georges,0
f:\bifu\non_georges\02c08ff43157c09db9fe4ebe63d28903.jpg,non_georges,0
f:\bifu\non_georges\d7e3e6cd766a690ae458ebdf723535b4.jpg,non_georges,0
f:\bifu\non_georges\79b7e06f2e64e121903375d2052e4942.jpg,non_georges,0
f:\bifu\non_georges\97ea29d32f15b24e036938655bc9ea29.jpg,non_georges,0
f:\bifu\non_georges\6b1b07e535c5604cf01a3bb16e2daa68.jpg,non_georges,0
f:\bifu\non_georges\06ea10437ba926aa121ae8b5dbc1741a.jpg,non_georges,0
f:\bifu\non_georges\fc686f638d618f500639a5b687546647.jpg,non_georges,0
f:\bifu\non_georges\2330333b3ed3e22c4962100f8da301f1.jpg,non_georges,0
f:\bifu\non_georges\44062dec5f20f6347fe00870981c5db6.jpg,non_georges,0
f:\bifu\non_georges\3c7affdceeba05962d2537fbf0100898.jpg,non_georges,0
f:\bifu\non_georges\d8a7cb0e2a26c5a2a00d73bd81617425.jpg,non_georges,0
f:\bifu\non_georges\74de9c67799c5dee7a718f1135c7f3d9.jpg,non_georges,0
f:\bifu\non_georges\4255ef4a5ee31e5cfd4191d7a3f04911.jpg,non_georges,0
f:\bifu\non_georges\6f861eb2ceb08265af6db90f42867759.jpg,non_georges,0
f:\bifu\non_georges\3fa6440f798bd0f118aa0a555075759f.jpg,non_georges,0
f:\bifu\non_georges\bd80c88d8268257e9cbf349fcfaa5630.jpg,non_georges,0
f:\bifu\non_georges\ce807787ff66b50af1f9d2841321eba1.jpg,non_georges,0
f:\bifu\non_georges\f7b91b4b0fddaff1f3455538ab711714.jpg,non_georges,0
f:\bifu\non_georges\406b7937d25678af722c3e679d7cd833.jpg,non_georges,0
f:\bifu\non_georges\ace92e98bd14c3a94a570af791a80906.jpg,non_georges,0
f:\bifu\non_georges\9fa72f84ec91d9723a843af272148edf.jpg,non_georges,0
f:\bifu\non_georges\40c58f6b15b143d6b28a55aeeafe6fa0.jpg,non_georges,0
f:\bifu\non_georges\cbd2a71813482b90390606fc0fc38c9a.jpg,non_georges,0
f:\bifu\non_georges\ddd5bb38e5118ffeee7352dc623b7768.jpg,non_georges,0
f:\bifu\non_georges\5b583c7fef5c8e1ea1ed2dac2d1b0ad4.jpg,non_georges,0
f:\bifu\non_georges\429343f3bcbc1104009adf74ffeb23d8.jpg,non_georges,0
f:\bifu\non_georges\a7d16fb497cdc526eb6e79c5c2d6104d.jpg,non_georges,0
f:\bifu\non_georges\47cce60b16490359b70eb7f695b20a7a.jpg,non_georges,0
f:\bifu\non_georges\abb387ea712ee0a8910f372099be9097.jpg,non_georges,0
f:\bifu\non_georges\a0436af93bd7c42eb075e87c2fc66958.jpg,non_georges,0
f:\bifu\non_georges\321cb9fc75647ae70cb746bc0e585e89.jpg,non_georges,0
f:\bifu\non_georges\72fc09226e20b7792a6a2ff2fb365d26.jpg,non_georges,0
f:\bifu\non_georges\4ca7aeedc9be308e84f138e21cffa49d.jpg,non_georges,0
f:\bifu\non_georges\2a86e6a7f4e4bc8a37871744a50cb450.jpg,non_georges,0
f:\bifu\non_georges\1e32c426344a9319729ece1c3b298c46.jpg,non_georges,0
f:\bifu\non_georges\41ef07a32d6acbfad6c69097d4683428.jpg,non_georges,0
f:\bifu\non_georges\03931815a37ee261ea9714eafb4f21ee.jpg,non_georges,0
f:\bifu\non_georges\3e7dc2084ed51767bf33d5041832ee4b.jpg,non_georges,0
f:\bifu\non_georges\2d2bd1d40be39f41f10292089efb60e6.jpg,non_georges,0
f:\bifu\non_georges\3b5800bdfc115ffc581510ff7c4ea958.jpg,non_georges,0
f:\bifu\non_georges\a1c27787cd08d5c6c922f9b42d27472d.jpg,non_georges,0
f:\bifu\non_georges\62ad87741f618aeaa68c489f756294a6.jpg,non_georges,0
f:\bifu\non_georges\e24973157658ecea911377ab8711e9e8.jpg,non_georges,0
f:\bifu\non_georges\6f02b97237dec6bde4dddfa55bda8c39.jpg,non_georges,0
f:\bifu\non_georges\762826e9b34e462fa438bd01ca1f4c38.jpg,non_georges,0
f:\bifu\non_georges\51dc9bcb547742f9fff7cd0c3ea93937.jpg,non_georges,0
f:\bifu\non_georges\75bd43e1062750cdc7f0fa691a62246d.jpg,non_georges,0
f:\bifu\non_georges\f754239424b7aa956495860fc8c3743e.jpg,non_georges,0
f:\bifu\non_georges\0b20584fc2c21028acffa6ac0bef9531.jpg,non_georges,0
f:\bifu\non_georges\b5e1bafe1b727129bd41303295e89522.jpg,non_georges,0
f:\bifu\non_georges\12dca60b84fdbffda9798fa4ebb6f9f5.jpg,non_georges,0
f:\bifu\non_georges\8797a5c49153fd8953b67a6c0b1cecd6.jpg,non_georges,0
f:\bifu\non_georges\52f9caaaf0b3e01a03a2bb7e150f7df3.jpg,non_georges,0
f:\bifu\non_georges\2ec512f099407714e040b342a6d163f3.jpg,non_georges,0
f:\bifu\non_georges\4ba7fa9c5174db9eb46a961d45870b6d.jpg,non_georges,0
f:\bifu\non_georges\f07782cfcf3f3c08e8b02206efcf0d16.jpg,non_georges,0
f:\bifu\non_georges\abba3b027c0569e42a1193ba336ce01b.jpg,non_georges,0
f:\bifu\non_georges\8a92afb9d79d4a9a2c7d500450623078.jpg,non_georges,0
f:\bifu\non_georges\b177bfb0e8f294a696dcb8b22a8f0f64.jpg,non_georges,0
f:\bifu\non_georges\89464ef48868d73601d675dfd74a6681.jpg,non_georges,0
f:\bifu\non_georges\e682c331488d96991550c44437a18951.jpg,non_georges,0
f:\bifu\non_georges\f54eaffb6fa989f40797c564bcaebe94.jpg,non_georges,0
f:\bifu\non_georges\bc5cc97018a0c5d10d41a92c3baac007.jpg,non_georges,0
f:\bifu\non_georges\035dccb0e218f9f6fd19f15ab9c7aa1b.jpg,non_georges,0
f:\bifu\non_georges\53e81a9ab7e32691ed0f24db1d2213f1.jpg,non_georges,0
f:\bifu\non_georges\039de4432ef360e06f23ec0901ebf02f.jpg,non_georges,0
f:\bifu\non_georges\e443820a45dc2e70208e9dc3900a6b79.jpg,non_georges,0
f:\bifu\non_georges\02750cf5b15e7347c327800ffee3775e.jpg,non_georges,0
f:\bifu\non_georges\9630707a42f520efe59d21f0676c8fb5.jpg,non_georges,0
f:\bifu\non_georges\05784cdc23349586c3a2490ac85d9442.jpg,non_georges,0
f:\bifu\non_georges\790f77769470a0183fa307828f407a62.jpg,non_georges,0
f:\bifu\non_georges\b93576ee9432e76d6753a76200702ac3.jpg,non_georges,0
f:\bifu\non_georges\58580658b3a796129892b4059d5d8e34.jpg,non_georges,0
f:\bifu\non_georges\20ef34bb4c89ef54e62831c1368a50d3.jpg,non_georges,0
f:\bifu\non_georges\f387289e41e653dc755de9c8e5671443.jpg,non_georges,0
f:\bifu\non_georges\6f3f9e0d0855e4e84f960b12574209f4.jpg,non_georges,0
f:\bifu\non_georges\b27eaa7690efb69f58f6b31ef569caac.jpg,non_georges,0
f:\bifu\non_georges\c78a59fed4241f0a3536cf532ee6086d.jpg,non_georges,0
f:\bifu\non_georges\72beea2aabbf93e3a4c2e52a7f3a937a.jpg,non_georges,0
f:\bifu\non_georges\f75b985b2e36a0726efd64634f60349f.jpg,non_georges,0
f:\bifu\non_georges\82a8d1b646896819b6792d2acec23b10.jpg,non_georges,0
f:\bifu\non_georges\38d7dc0b517971969c03eeb69a1bd421.jpg,non_georges,0
f:\bifu\non_georges\c112d526096238403518cdda5b02284e.jpg,non_georges,0
f:\bifu\non_georges\84da5792922472fc82d0ac255197690d.jpg,non_georges,0
f:\bifu\non_georges\2ae301a76bfe245036d442ef610f4677.jpg,non_georges,0
f:\bifu\non_georges\9cf8d77ad939902b69cd1c63352638d6.jpg,non_georges,0
f:\bifu\non_georges\922ab96e3227a844d08b67e5d0001eca.jpg,non_georges,0
f:\bifu\non_georges\b216f0e729d21ca001c010b754156e7e.jpg,non_georges,0
f:\bifu\non_georges\3e3c0e893015f3258b7c32b2c3211061.jpg,non_georges,0
f:\bifu\non_georges\01b4e3aa073eee26194aae64cd81d4e6.jpg,non_georges,0
f:\bifu\non_georges\949ec2748a5504ffe957490e09db80b2.jpg,non_georges,0
f:\bifu\non_georges\1204f931e5134f77614fe51a4a26b4bb.jpg,non_georges,0
f:\bifu\non_georges\97f380f0c2e9bea5eff084a8f11f579d.jpg,non_georges,0
f:\bifu\non_georges\c06ee2d983ecbf07188f2bee914ae0f3.jpg,non_georges,0
f:\bifu\non_georges\b3564ad4979bef65bed95c9737cf98ce.jpg,non_georges,0
f:\bifu\non_georges\599771988d01496d23b0c4e86d039475.jpg,non_georges,0
f:\bifu\non_georges\0e60cf0c0bec6637b0e1ced4d65b6652.jpg,non_georges,0
f:\bifu\non_georges\a2bb35cd9854d5b009b01e03089cd64e.jpg,non_georges,0
f:\bifu\non_georges\e37f01b6ceab6e4cf8c472d14bd464de.jpg,non_georges,0
f:\bifu\non_georges\37d69f1ab78f21fa8a174d4638773d4c.jpg,non_georges,0
f:\bifu\non_georges\2bb1aad96052c50669e867cd5f0068a8.jpg,non_georges,0
f:\bifu\non_georges\5085c22914cb64aa0aa8a892e8f1ca68.jpg,non_georges,0
f:\bifu\non_georges\1df869b391aa46bac87dfda7c2ec1dbf.jpg,non_georges,0
f:\bifu\non_georges\eae1dcb85cf802446aa9ae1f9ac56d6e.jpg,non_georges,0
f:\bifu\non_georges\940d2b51849544eb5738203fdc7a9791.jpg,non_georges,0
f:\bifu\non_georges\645ee785019352c4ab50d703be65596b.jpg,non_georges,0
f:\bifu\non_georges\8559076ff698f953561f180a09372ba5.jpg,non_georges,0
f:\bifu\non_georges\20fd55b33a1ce52bf65fd0198e1845de.jpg,non_georges,0
f:\bifu\non_georges\ac75a5d0b10d6eae126f9098e2c8c77d.jpg,non_georges,0
f:\bifu\non_georges\529ec7bfe601181e55f4211a946d4fef.jpg,non_georges,0
f:\bifu\non_georges\be9276d84c0dac4c65d437802fc7011c.jpg,non_georges,0
f:\bifu\non_georges\89ba51fb370869c770f9c991766fafd1.jpg,non_georges,0
f:\bifu\non_georges\6bcc537798e53d862120e41b5a03dd3a.jpg,non_georges,0
f:\bifu\non_georges\c39429c2061b3761989acf905ac4d84e.jpg,non_georges,0
f:\bifu\non_georges\bf232753733df5cf540f84f7d61f5134.jpg,non_georges,0
f:\bifu\non_georges\04b726f2f21d6d5eda286ce3deac8643.jpg,non_georges,0
f:\bifu\non_georges\2bd638cc8887d97a5751abd6803d70d2.jpg,non_georges,0
f:\bifu\non_georges\0536266049ac7f29957bd8c23bfcd4f2.jpg,non_georges,0
f:\bifu\non_georges\1b72bdf8232a9fab75aeca8435abace2.jpg,non_georges,0
f:\bifu\non_georges\2140e910d27367b2b22760e6064770fc.jpg,non_georges,0
f:\bifu\non_georges\0368770bbb502eb7dc03ac2f04aeef42.jpg,non_georges,0
f:\bifu\non_georges\8113f10f9387b59a131b9bf093a4a9d2.jpg,non_georges,0
f:\bifu\non_georges\cf16ab4d2f793a7537f71399e0a56c01.jpg,non_georges,0
f:\bifu\non_georges\b93ffd622c05c18401556898d3748a56.jpg,non_georges,0
f:\bifu\non_georges\74ddfaee4024fdec25ba76c017d2d4d0.jpg,non_georges,0
f:\bifu\non_georges\f4de00db5e2f3ab95f26d30000a24d64.jpg,non_georges,0
f:\bifu\non_georges\9f87b4e98d0de451fb3b17e0f3e72c90.jpg,non_georges,0
f:\bifu\non_georges\d123d8f4869e4785c24a90eef20fda9c.jpg,non_georges,0
f:\bifu\non_georges\4cadb95487c59b56482b6a55684c6766.jpg,non_georges,0
f:\bifu\non_georges\d7b5e6081e665681b6b6f10780e106bb.jpg,non_georges,0
f:\bifu\non_georges\eb2640c41c4de1aa8cf4091f8a20d8bd.jpg,non_georges,0
f:\bifu\non_georges\a7f7ad18fab6904ac4c9e280b16ece2b.jpg,non_georges,0
f:\bifu\non_georges\7ef51342329cfe4f517260777482c9c8.jpg,non_georges,0
f:\bifu\non_georges\c2d2c980fa44ed49f09b72e981f7f41f.jpg,non_georges,0
f:\bifu\non_georges\585e3c873d2bec94718409e08a58cfb7.jpg,non_georges,0
f:\bifu\non_georges\f029e7b63a144303a011612cc449acec.jpg,non_georges,0
f:\bifu\non_georges\09faf3c1ed812bb4c79c46cca6c7216c.jpg,non_georges,0
f:\bifu\non_georges\c1d46577dd6a8a846d84fd0e48da4f65.jpg,non_georges,0
f:\bifu\non_georges\f852e31cfcedc1b4d9ba00154c729f12.jpg,non_georges,0
f:\bifu\non_georges\f4094038f17f837d3ecc1c887dfb1be8.jpg,non_georges,0
f:\bifu\non_georges\df173ad8b85ab3bac21f555e3e03cd4c.jpg,non_georges,0
f:\bifu\non_georges\dfc74ac3c5d2f378e0edc6a41d8ce73b.jpg,non_georges,0
f:\bifu\non_georges\6d89d2f654cf8db74cbce7909ce2a1b2.jpg,non_georges,0
f:\bifu\non_georges\9fc21f58d36d3ba730d342cb1cf574c4.jpg,non_georges,0
f:\bifu\non_georges\620f11d9e786c7a80dbe26cc8b64b8a1.jpg,non_georges,0
f:\bifu\non_georges\087b8646c87cac207a9701848e5dffac.jpg,non_georges,0
f:\bifu\non_georges\62d1c852757f0ac903b99b8660c46302.jpg,non_georges,0
f:\bifu\non_georges\2a469cd64770cbe5d4bfc313004ecbf0.jpg,non_georges,0
f:\bifu\non_georges\e74b6d83c17b35b24ca2d585dcc836b1.jpg,non_georges,0
f:\bifu\non_georges\c4c552293f9445eda4aac7c35837a6bb.jpg,non_georges,0
f:\bifu\non_georges\60f0b42e1fa0bb195633d46a72e399c3.jpg,non_georges,0
f:\bifu\non_georges\2b59d7e784cbc4b46f7d7a479e75fd7e.jpg,non_georges,0
f:\bifu\non_georges\706fa4e73dc0dfe5001a1483f72d87bb.jpg,non_georges,0
f:\bifu\non_georges\7292147ebeb6d4ba936d1b805b38ea13.jpg,non_georges,0
f:\bifu\non_georges\aafffd75a628e6c1b1d3edd4e62cf4f1.jpg,non_georges,0
f:\bifu\non_georges\a3efe6286bef337cedd9ce7816bc72e3.jpg,non_georges,0
f:\bifu\non_georges\9965bcb9df069d464964a12c1d733a50.jpg,non_georges,0
f:\bifu\non_georges\08400c768689389c662dcbd59ab49264.jpg,non_georges,0
f:\bifu\non_georges\6f43fa9417d578189ccf9e0f4ae2eefe.jpg,non_georges,0
f:\bifu\non_georges\4f000ad30c26ac7d1f44f09bd9544573.jpg,non_georges,0
f:\bifu\non_georges\718c8589a0e89c29ad17d0696c7fb4a6.jpg,non_georges,0
f:\bifu\non_georges\2aa844f434d20d60c3e9d2bd8c937e89.jpg,non_georges,0
f:\bifu\non_georges\70ddb479afc1b44c30f8b5d12c35a0f7.jpg,non_georges,0
f:\bifu\non_georges\56115521a30c0d535d01afa7c22476b7.jpg,non_georges,0
f:\bifu\non_georges\c791cb325a7677d21b1bd51bb42f575e.jpg,non_georges,0
f:\bifu\non_georges\b6360796a93c4d03f2f927163f85b5b8.jpg,non_georges,0
f:\bifu\non_georges\555f6870b4eef37fec9a38da69095104.jpg,non_georges,0
f:\bifu\non_georges\13b46fa59e3ec7330d39bc73a5244ae6.jpg,non_georges,0
f:\bifu\non_georges\e80be2f43f0c0fd3a240cd162b568e3e.jpg,non_georges,0
f:\bifu\non_georges\65fabbf192fd29ce8b2dda0b6b05c532.jpg,non_georges,0
f:\bifu\non_georges\e150bc78174dd37c649241c7a0c932e3.jpg,non_georges,0
f:\bifu\non_georges\492671b962d3a474e20cfa4824164b55.jpg,non_georges,0
f:\bifu\non_georges\5825308b0f4b28afc8213c1a0a2d685a.jpg,non_georges,0
f:\bifu\non_georges\2089a58ae4f9e2247d99cc7b11d6b5da.jpg,non_georges,0
f:\bifu\non_georges\a92d85728700125672e7b4f4e49765b8.jpg,non_georges,0
f:\bifu\non_georges\754473fda0a2e5ea83b5c31b75f97211.jpg,non_georges,0
f:\bifu\non_georges\a7ef6f5ad32964642eed3c67dd3321fe.jpg,non_georges,0
f:\bifu\non_georges\a0801452fae9942fd4cf8158ed47f524.jpg,non_georges,0
f:\bifu\non_georges\887d9ca8e461903bb9d59da8f53cd35c.jpg,non_georges,0
f:\bifu\non_georges\a3bc0fb428126f7cc80111561fac31b3.jpg,non_georges,0
f:\bifu\non_georges\11d07d86c2de2206acb823083915ed7f.jpg,non_georges,0
f:\bifu\non_georges\11e350a7d4e7e97bd76db2bc0751211f.jpg,non_georges,0
f:\bifu\non_georges\3132aeaaf743af25d755336348fc5c12.jpg,non_georges,0
f:\bifu\non_georges\1d1f0dd92f00b54a1c661f491af505fa.jpg,non_georges,0
f:\bifu\non_georges\b4d6649fe59382ace99061a14f53b57e.jpg,non_georges,0
f:\bifu\non_georges\af27d3b191dccb7c898f8c22e72cc9dd.jpg,non_georges,0
f:\bifu\non_georges\089d0912d30a55762a7abcf7ab558970.jpg,non_georges,0
f:\bifu\non_georges\8afad64e679398e047933049d1eab461.jpg,non_georges,0
f:\bifu\non_georges\d835069230abf48fb7b7732356d7e6d1.jpg,non_georges,0
f:\bifu\non_georges\7aeb9a8cf7675fedd8c175ec1adbdbba.jpg,non_georges,0
f:\bifu\non_georges\28dbcf781b2bfb3e338da497922cde8e.jpg,non_georges,0
f:\bifu\non_georges\37029b2d942a8ad8773896b906adfa18.jpg,non_georges,0
f:\bifu\non_georges\77cbb8965fab0696adf741f15fd4e079.jpg,non_georges,0
f:\bifu\non_georges\62096602e431fc1448fde2ac50bf558e.jpg,non_georges,0
f:\bifu\non_georges\c75accecffec3139f24a27340d237b63.jpg,non_georges,0
f:\bifu\non_georges\265c03d51de15465db3325d65da17f1e.jpg,non_georges,0
f:\bifu\non_georges\08afac224a2004283591c0f8f24774dc.jpg,non_georges,0
f:\bifu\non_georges\9c97d22b4f9b00cc97dc76eeeb7a220e.jpg,non_georges,0
f:\bifu\non_georges\d2cd567fc5853b142b18136ba1a0c7f0.jpg,non_georges,0
f:\bifu\non_georges\3a365c079bafc036756d66650df5b0f7.jpg,non_georges,0
f:\bifu\non_georges\47149ad81635093641e195036aaeb6be.jpg,non_georges,0
f:\bifu\non_georges\1c9baf0c5ff076a1a6ecffd4969144ff.jpg,non_georges,0
f:\bifu\non_georges\f8cf456411af665b0654f9ac1b67e7cb.jpg,non_georges,0
f:\bifu\non_georges\f8853ada3fb29d03b133ebe92f339da8.jpg,non_georges,0
f:\bifu\non_georges\00bb70f08e19fccddf20b4df40936c2e.jpg,non_georges,0
f:\bifu\non_georges\4a7dab64a15ecce9f5b0ac8f05472c7d.jpg,non_georges,0
f:\bifu\non_georges\6cb46d693c9bfcf95efa03de440a259f.jpg,non_georges,0
f:\bifu\non_georges\698eb123c004fc820be889a2b15f3aa8.jpg,non_georges,0
f:\bifu\non_georges\7c16d4288ab7231fc900f45b8eefb908.jpg,non_georges,0
f:\bifu\non_georges\5897146279bbcbee80bcadac8076ac9b.jpg,non_georges,0
f:\bifu\non_georges\f0275a0ab86ad468a6f584012cc40c53.jpg,non_georges,0
f:\bifu\non_georges\230dfbc6a58ce7eccd87dc6b3246bf47.jpg,non_georges,0
f:\bifu\non_georges\f4b159873462b6a1f795727504db66e7.jpg,non_georges,0
f:\bifu\non_georges\1e5ff786c2e6a29af01e6762136260ec.jpg,non_georges,0
f:\bifu\non_georges\7247d4cf00c0f3d32203379214008020.jpg,non_georges,0
f:\bifu\non_georges\d74659300e8e3f41fb52a67e2982ddbb.jpg,non_georges,0
f:\bifu\non_georges\d146951658ad4bd3bc3d0f6a960becb9.jpg,non_georges,0
f:\bifu\non_georges\e6fe98d5a4132de1be900bdad63f0517.jpg,non_georges,0
f:\bifu\non_georges\40a7395648ee370e85cc1627d6371df5.jpg,non_georges,0
f:\bifu\non_georges\0ab2960f3141d66b92449f371090e404.jpg,non_georges,0
f:\bifu\non_georges\d50620491615a0b6aaefd9b39e96f4bf.jpg,non_georges,0
f:\bifu\non_georges\641f2621d5479dc56b1c890c8d0f9c91.jpg,non_georges,0
f:\bifu\non_georges\4d738dbd2159f810a7697de49d212006.jpg,non_georges,0
f:\bifu\non_georges\1fc6a7e25a744e9156d32d70972e7e14.jpg,non_georges,0
f:\bifu\non_georges\96b4f88a39abd2409140eb70c5b079fa.jpg,non_georges,0
f:\bifu\non_georges\c90e611de6040de48f189dbc009414f8.jpg,non_georges,0
f:\bifu\non_georges\29d1ec4c15e1f150f3b8ff6a52a865ad.jpg,non_georges,0
f:\bifu\non_georges\219be8239570b5dd8b80272c07c3f4ce.jpg,non_georges,0
f:\bifu\non_georges\200b39d63fab9669bd46a55927a2db1b.jpg,non_georges,0
f:\bifu\non_georges\a48cc51b4d6e36fe6c8fe4102a56352f.jpg,non_georges,0
f:\bifu\non_georges\ce47b222e07c25e09681e49e6dcedcbe.jpg,non_georges,0
f:\bifu\non_georges\929df5aa5f2c9bd790992bbe1a8231a5.jpg,non_georges,0
f:\bifu\non_georges\3cbab0a2caab76a5190d7823ca079c89.jpg,non_georges,0
f:\bifu\non_georges\35bce4e8d5ba281b8df151f26180cc24.jpg,non_georges,0
f:\bifu\non_georges\3e2b4b3477a91f2c8458e033ec92a528.jpg,non_georges,0
f:\bifu\non_georges\7dd96a27e16628c128a71844bef7e267.jpg,non_georges,0
f:\bifu\non_georges\8ae86a1fa333511dc6c1c2b9ed7d9fcb.jpg,non_georges,0
f:\bifu\non_georges\3a769c260336e9c0d35042211278febb.jpg,non_georges,0
f:\bifu\non_georges\df22de50abb11c587a635288bacdebf1.jpg,non_georges,0
f:\bifu\non_georges\3e71853425a61fb81e1de8ec2ba22f67.jpg,non_georges,0
f:\bifu\non_georges\39517a0dfd0a6d028f2298ee158a75cc.jpg,non_georges,0
f:\bifu\non_georges\505017ceb63b2c9dd7a214a5188498de.jpg,non_georges,0
f:\bifu\non_georges\d9907844720e7d710a0d8d885fc8e211.jpg,non_georges,0
f:\bifu\non_georges\c655da3d6706b08d51401e517e6118cc.jpg,non_georges,0
f:\bifu\non_georges\4fb21495acc8ac6e398be442121fcea6.jpg,non_georges,0
f:\bifu\non_georges\5825fccdfa95ee57e085867364e9987e.jpg,non_georges,0
f:\bifu\non_georges\41801939cf74046e2ba086f2e0ef31fd.jpg,non_georges,0
f:\bifu\non_georges\f736e847f69581239fd5ed91a1ac766d.jpg,non_georges,0
f:\bifu\non_georges\8fc79b09ba8fb08d2d964a02dd4187ea.jpg,non_georges,0
f:\bifu\non_georges\159c0e484c38da4766f4f24d4211cc3f.jpg,non_georges,0
f:\bifu\non_georges\6fc7325eabce8e1472dee541e40d0c64.jpg,non_georges,0
f:\bifu\non_georges\765880961814685c8a3c58b8775b67ae.jpg,non_georges,0
f:\bifu\non_georges\6035e778445dd304d7bad95bc8016e44.jpg,non_georges,0
f:\bifu\non_georges\282b2d0df0454117513c72620e4f262a.jpg,non_georges,0
f:\bifu\non_georges\905c40fc6bf0e58b3c28d1507afc3dd2.jpg,non_georges,0
f:\bifu\non_georges\4537227115e9145dd6ba3c944945d9d0.jpg,non_georges,0
f:\bifu\non_georges\3327998bcbd8b9419464ea768ad67215.jpg,non_georges,0
f:\bifu\non_georges\2401034454da90c4207bcaf81fe40567.jpg,non_georges,0
f:\bifu\non_georges\b76f3b1839e1ecc5a474c5425bd3029d.jpg,non_georges,0
f:\bifu\non_georges\ca9740b5c9cc94919082644d40c5522e.jpg,non_georges,0
f:\bifu\non_georges\e29fe131cecd0bdc601b057bc48f29c0.jpg,non_georges,0
f:\bifu\non_georges\c613c384823db6d5cc5baee155af9fc3.jpg,non_georges,0
f:\bifu\non_georges\584645bd37342fb30c52c8cef9d4c810.jpg,non_georges,0
f:\bifu\non_georges\46ad3a65eeb76c17ab89dafbe798bba3.jpg,non_georges,0
f:\bifu\non_georges\008ee0b9f6bca98d16fe8108375e4d78.jpg,non_georges,0
f:\bifu\non_georges\7f77d3ee1fc4acbe9b1f63106e004e4c.jpg,non_georges,0
f:\bifu\non_georges\99f3cf318e24a265ec38fb82e42ee9e2.jpg,non_georges,0
f:\bifu\non_georges\af7d6a05eb74f7665ca304dcc0f66b62.jpg,non_georges,0
f:\bifu\non_georges\e1d72eea73cb1b6f95e92ddd25f3e8a8.jpg,non_georges,0
f:\bifu\non_georges\53d72b0789742410974e36b5d6e846ff.jpg,non_georges,0
f:\bifu\non_georges\9e72e7f888366e359deb7951f2174f42.jpg,non_georges,0
f:\bifu\non_georges\73dacd531119b82845a5e4126df78dae.jpg,non_georges,0
f:\bifu\non_georges\805566a6b5fb43bc5c1ddf65215d0457.jpg,non_georges,0
f:\bifu\non_georges\20d970cc3b04b810423c3ca49cd78c5f.jpg,non_georges,0
f:\bifu\non_georges\5c7568bf3fdaa90fe058df36fa076a80.jpg,non_georges,0
f:\bifu\non_georges\e070c29b3864ee6452b5471d369303cf.jpg,non_georges,0
f:\bifu\non_georges\9b5bcfd8fbed2d8a316b94bd458b45ed.jpg,non_georges,0
f:\bifu\non_georges\3aa3bb34f6c8b2a37cd0c8454a3cded6.jpg,non_georges,0
f:\bifu\non_georges\69eeb4bbc0800fcfccb7b87d6f321f94.jpg,non_georges,0
f:\bifu\non_georges\f1959346e133daeacbaaa14ba24d068b.jpg,non_georges,0
f:\bifu\non_georges\45543c403266d5a741b21b4d2d018cc7.jpg,non_georges,0
f:\bifu\non_georges\343862bb1ea29082c7320f099bf10bb2.jpg,non_georges,0
f:\bifu\non_georges\06a9c540193794bc250bd4bf77019be8.jpg,non_georges,0
f:\bifu\non_georges\7a28ff2ee25bed23db6fd91d7b73fcfb.jpg,non_georges,0
f:\bifu\non_georges\e86701f019b50883856a4660a1ac6d66.jpg,non_georges,0
f:\bifu\non_georges\da7414578d2cdd19af76c29340aee887.jpg,non_georges,0
f:\bifu\non_georges\60ab7d8a73005ef2ef08ff9dd7acf6e3.jpg,non_georges,0
f:\bifu\non_georges\82bb465deedbd8ed1d9cff190bb537ea.jpg,non_georges,0
f:\bifu\non_georges\bf39ec0e14003d61767967981b84dd18.jpg,non_georges,0
f:\bifu\non_georges\3bc3461f7606a1adfbb7877cadbecf3a.jpg,non_georges,0
f:\bifu\non_georges\10a6d89ccf6804553f2e52adf85e6b79.jpg,non_georges,0
f:\bifu\non_georges\f9fab07f20d2efe53445dcbae9256643.jpg,non_georges,0
f:\bifu\non_georges\777af82469453e6bea9b646a9f0fd514.jpg,non_georges,0
f:\bifu\non_georges\9942a576efa581b6add6b90cd648a82a.jpg,non_georges,0
f:\bifu\non_georges\344e1bb6d637de8a30624c5f33e31ec5.jpg,non_georges,0
f:\bifu\non_georges\201329f0dd48c033324d6313d9476115.jpg,non_georges,0
f:\bifu\non_georges\a583a89afddbc9c97d4d73bfda52f942.jpg,non_georges,0
f:\bifu\non_georges\945dbfdb2e0c6c18c39cab8a6ecd593a.jpg,non_georges,0
f:\bifu\non_georges\9a1006e4ec0b98c4ab6dd6600a9909c2.jpg,non_georges,0
f:\bifu\non_georges\53631d460fd3f2c3f664d69f7c0eabdf.jpg,non_georges,0
f:\bifu\non_georges\467ade467ef61814b462ec1ae0eb456a.jpg,non_georges,0
f:\bifu\non_georges\d1bef2fcd845a569badace8acc4d052d.jpg,non_georges,0
f:\bifu\non_georges\41aeac7c6d9d08b41c0d29ce0b4a955f.jpg,non_georges,0
f:\bifu\non_georges\602dc5cfb43afdd4e35d07fb3248185c.jpg,non_georges,0
f:\bifu\non_georges\bcef961b5585c4e8d596f10821d3c4cb.jpg,non_georges,0
f:\bifu\non_georges\1a0f3b9c9ca7d110d87647783e3e96b1.jpg,non_georges,0
f:\bifu\non_georges\20804266ccbf0cebc297033d003689b5.jpg,non_georges,0
f:\bifu\non_georges\a12e0c8769095514a4993f66b9b0be4c.jpg,non_georges,0
f:\bifu\non_georges\b7cc9470991eeca6d0a1eb3c67586f03.jpg,non_georges,0
f:\bifu\non_georges\1286088df86da5adb350f57a50c5083b.jpg,non_georges,0
f:\bifu\non_georges\5405a52e5e8c5adfb9946e7489158c1e.jpg,non_georges,0
f:\bifu\non_georges\12241d31e86f92604a73c717a2ff314d.jpg,non_georges,0
f:\bifu\non_georges\98d15161e15c411a3b09e5c0484f7acb.jpg,non_georges,0
f:\bifu\non_georges\771f787d4dbb42af93648192642be495.jpg,non_georges,0
f:\bifu\non_georges\c3ed7beacb012b9b93a6d488d2734686.jpg,non_georges,0
f:\bifu\non_georges\9ff9618f2e1f8cd86542677b2c9a3b5b.jpg,non_georges,0
f:\bifu\non_georges\ef7943cc785d2576ac61adc01621cc3d.jpg,non_georges,0
f:\bifu\non_georges\822612925dc66dfbe337e5e04c060600.jpg,non_georges,0
f:\bifu\non_georges\54586dbf5aa43f4453c5559b5dfd3a65.jpg,non_georges,0
f:\bifu\non_georges\af4e6719a184a4dd78d33509e88562e8.jpg,non_georges,0
f:\bifu\non_georges\ca9c882f6362915666a09546c8c28274.jpg,non_georges,0
f:\bifu\non_georges\9c7205915523f84728eae189ca5bf415.jpg,non_georges,0
f:\bifu\non_georges\e51a52d43d5e52e3b8501c09d0c2b207.jpg,non_georges,0
f:\bifu\non_georges\d4c4369802e4eb29a88afb29ab8fbc98.jpg,non_georges,0
f:\bifu\non_georges\2d58915d68e2df5d004dcd0863086cde.jpg,non_georges,0
f:\bifu\non_georges\97cff0ff847e3fe336144007bd40efbd.jpg,non_georges,0
f:\bifu\non_georges\2b8e3ba4725a7f8d079beac353741b21.jpg,non_georges,0
f:\bifu\non_georges\c20369de53c4d9a04ae846c47d764283.jpg,non_georges,0
f:\bifu\non_georges\10be35232532fdd0b394b6aec090d66d.jpg,non_georges,0
f:\bifu\non_georges\bb40ac21aa8818eed18943728b6e15aa.jpg,non_georges,0
f:\bifu\non_georges\27232a150b31fc798d2669f0b619934a.jpg,non_georges,0
f:\bifu\non_georges\6c904b428adf8c95f3cba8a36f797eb8.jpg,non_georges,0
f:\bifu\non_georges\826778844aa126489e8464317a306d19.jpg,non_georges,0
f:\bifu\non_georges\b8b050fc45d6bc41392ef0217f713934.jpg,non_georges,0
f:\bifu\non_georges\228448784ee4e6a8c1e331e03ef547fc.jpg,non_georges,0
f:\bifu\non_georges\c24b1c96d22875a74ec7b1ea18a5eff5.jpg,non_georges,0
f:\bifu\non_georges\7885aa69a21e123631b76858dcc971b0.jpg,non_georges,0
f:\bifu\non_georges\e1f603f4534e633ed9fbb312e404efec.jpg,non_georges,0
f:\bifu\non_georges\455ac6b8df80ef941aa1012079accf8c.jpg,non_georges,0
f:\bifu\non_georges\9cad83b674e935d6c318630b6381b09f.jpg,non_georges,0
f:\bifu\non_georges\e33c660361cca9ce3ae63115c599eea7.jpg,non_georges,0
f:\bifu\non_georges\aebc706a9608f50b9b04efe5886ff676.jpg,non_georges,0
f:\bifu\non_georges\ef35935da25d28a0d46737aaed5c7168.jpg,non_georges,0
f:\bifu\non_georges\508a62ad980c24506ca6e33e43224095.jpg,non_georges,0
f:\bifu\non_georges\5cd6b32455ced90a9dc0d9ca91c76ffa.jpg,non_georges,0
f:\bifu\non_georges\c1898fa8febcbc2cad22cfeed4bf6298.jpg,non_georges,0
f:\bifu\non_georges\b2104395c6277c9967b0c97404acb20a.jpg,non_georges,0
f:\bifu\non_georges\a0be02ae011944c0ae20f5fc1b5f93ac.jpg,non_georges,0
f:\bifu\non_georges\2bf91cfab090ecee2a1d73af2e3688b4.jpg,non_georges,0
f:\bifu\non_georges\bcf88fbdeb58b13de370fd3b5c79fd25.jpg,non_georges,0
f:\bifu\non_georges\8082eac7ba8687f71c6a41e5396cf3c5.jpg,non_georges,0
f:\bifu\non_georges\95d9252145223ea00ba6c535c197ac94.jpg,non_georges,0
f:\bifu\non_georges\f0dc922140e9f743da250feeb7a043c9.jpg,non_georges,0
f:\bifu\non_georges\da1f62d5b3c182d1835302a56caceacd.jpg,non_georges,0
f:\bifu\non_georges\4743e05b1e0acffef11be4dfcecceb8b.jpg,non_georges,0
f:\bifu\non_georges\f2a3b13d937d2ad1a7b7b71fec67a298.jpg,non_georges,0
f:\bifu\non_georges\2d3db5b83b6775d2cb28551bf913c399.jpg,non_georges,0
f:\bifu\non_georges\bf7f2c697af9f3cf97d528ffe74b3518.jpg,non_georges,0
f:\bifu\non_georges\4b3b55fa7a9b5c9b1da96d8ce0bb900a.jpg,non_georges,0
f:\bifu\non_georges\18c2391512cd323800ef465dfe58817f.jpg,non_georges,0
f:\bifu\non_georges\9dbb533673885b02ecda405894f3ba51.jpg,non_georges,0
f:\bifu\non_georges\a53d4041a7dfbbb2edec6f46f46fc7b9.jpg,non_georges,0
f:\bifu\non_georges\763ed4f6bc144b9998197ee14d34bb52.jpg,non_georges,0
f:\bifu\non_georges\fac8c912165d9f32f0b39d97d9aedd55.jpg,non_georges,0
f:\bifu\non_georges\d5978986194e1216d4d262ff26c17de2.jpg,non_georges,0
f:\bifu\non_georges\4f8bb758c447b520c49bb4c4ee80ff42.jpg,non_georges,0
f:\bifu\non_georges\3d6ad13285f6cbfee5714589be05c307.jpg,non_georges,0
f:\bifu\non_georges\17a6957145eb13aad7302019b1b56ea4.jpg,non_georges,0
f:\bifu\non_georges\1223355dcdc17e462f2f72b360db91de.jpg,non_georges,0
f:\bifu\non_georges\b4a21ae2b57045d8c510890d78f2803e.jpg,non_georges,0
f:\bifu\non_georges\f6b5ab1a879a2517c628d16ace8a1706.jpg,non_georges,0
f:\bifu\non_georges\dde0ca5e699bfc1c12a73b5f8bdcc52e.jpg,non_georges,0
f:\bifu\non_georges\13ab60fafa88a7bd059ed60989da01b3.jpg,non_georges,0
f:\bifu\non_georges\0fc4d823936dd91ee085ea9931a395c1.jpg,non_georges,0
f:\bifu\non_georges\5400be6284086432a5f00b9cd5a68cff.jpg,non_georges,0
f:\bifu\non_georges\c785e7098bfa5aa8a15931b432a73499.jpg,non_georges,0
f:\bifu\non_georges\14f79b5624ecfd0faf47785c85df9bb1.jpg,non_georges,0
f:\bifu\non_georges\37964e2934c569b8c88219d80f7f441d.jpg,non_georges,0
f:\bifu\non_georges\bbce303c8f090641bc2c5bd02530fca5.jpg,non_georges,0
f:\bifu\non_georges\97e34ce19408dd0fce4d6df4d47d2299.jpg,non_georges,0
f:\bifu\non_georges\cbb86bcfe44f0248e17c560aa30a2b04.jpg,non_georges,0
f:\bifu\non_georges\6e9569446507527998b6eccad7969ea6.jpg,non_georges,0
f:\bifu\non_georges\45a8e77ef49f3513b5df700701c0baaf.jpg,non_georges,0
f:\bifu\non_georges\6c731b2bdf50fcf402c6f9055a25ac28.jpg,non_georges,0
f:\bifu\non_georges\a55a8dc05c5b54713f50896422423378.jpg,non_georges,0
f:\bifu\non_georges\7d08eba05a6e21e43c3e3d8d14b9c073.jpg,non_georges,0
f:\bifu\non_georges\63f314b4d3ec379504f6185f0c5e78b8.jpg,non_georges,0
f:\bifu\non_georges\fa4b07e5dad00d6775917ea794c67e22.jpg,non_georges,0
f:\bifu\non_georges\4d3404d611937a6e4e92a85dce8ab4fe.jpg,non_georges,0
f:\bifu\non_georges\b67be76c2435d5415af48fc779d20c1a.jpg,non_georges,0
f:\bifu\non_georges\fc2561dbb1512db49268c2d36a6708dc.jpg,non_georges,0
f:\bifu\non_georges\e38305a76a00d7f04c8cae8cd44958da.jpg,non_georges,0
f:\bifu\non_georges\7976f4a522d08e96034364b1ff23c3b8.jpg,non_georges,0
f:\bifu\non_georges\a3b1ebbdba78d6fe5f7a5028a59fb5a1.jpg,non_georges,0
f:\bifu\non_georges\a4d40bb02353d584cbba699498b4991e.jpg,non_georges,0
f:\bifu\non_georges\34d4408f9e9050578e2a09b5b3ab7b37.jpg,non_georges,0
f:\bifu\non_georges\8f73f5138d53ba61a2c7b1a800817b5f.jpg,non_georges,0
f:\bifu\non_georges\e93c24284927e0f0f3f65b499f619437.jpg,non_georges,0
f:\bifu\non_georges\661fd282c52912e6df18a0be95ec5987.jpg,non_georges,0
f:\bifu\non_georges\2a3b9e9cfa1fd9527afb466572b5d9ae.jpg,non_georges,0
f:\bifu\non_georges\0a81231a47fae1a52b165210e365746d.jpg,non_georges,0
f:\bifu\non_georges\d8d9af993779fa9d3682b9ffe2cbe20d.jpg,non_georges,0
f:\bifu\non_georges\615209d3c7635d688ec879f0be00c596.jpg,non_georges,0
f:\bifu\non_georges\ddb1c604c055dc318ae4d0fb37c657e3.jpg,non_georges,0
f:\bifu\non_georges\ab71d5ec40d4978efd76fd77b6e14762.jpg,non_georges,0
f:\bifu\non_georges\b4b4161ed16d03f4fbd1fb5d5975d11c.jpg,non_georges,0
f:\bifu\non_georges\f3b30b45107a17f04c1d1eb610fe0605.jpg,non_georges,0
f:\bifu\non_georges\b362a01f658553d22703702423fbd28a.jpg,non_georges,0
f:\bifu\non_georges\b199165aae0b28677070c8569af414b5.jpg,non_georges,0
f:\bifu\non_georges\c345002c7b47f394da7ae7b613ac37b8.jpg,non_georges,0
f:\bifu\non_georges\6be06e2a56df28294563799eb2fdc660.jpg,non_georges,0
f:\bifu\non_georges\583571c0b54f0681fca009b8c079639e.jpg,non_georges,0
f:\bifu\non_georges\9c04717e71b48ed92dcf2f456f1bc798.jpg,non_georges,0
f:\bifu\non_georges\e0001db09c76ab5ed8dcd1349ab1d4f2.jpg,non_georges,0
f:\bifu\non_georges\549c1f8af6c629d07b25401894b70504.jpg,non_georges,0
f:\bifu\non_georges\207071350d71a877ce6f4bbd0089a5c3.jpg,non_georges,0
f:\bifu\non_georges\0bf1b98d7be0184dd7953f2991f51e5d.jpg,non_georges,0
f:\bifu\non_georges\b31f1c584b5d465b0564bbeae0ca0335.jpg,non_georges,0
f:\bifu\non_georges\18b29bed0b845c806b180c25ac6841f5.jpg,non_georges,0
f:\bifu\non_georges\d030d2dbe21ab0552f620bd39e632c03.jpg,non_georges,0
f:\bifu\non_georges\016bbab604ae78960e28220b06615988.jpg,non_georges,0
f:\bifu\non_georges\0fc33c17102e7b1ef921f2e2da88f5af.jpg,non_georges,0
f:\bifu\non_georges\856a1233dd487ea03c46a298e6abee1f.jpg,non_georges,0
f:\bifu\non_georges\d36ad475330935f7c100550e69229f96.jpg,non_georges,0
f:\bifu\non_georges\a6a5341e130c8f9e5fcc6b553c25f925.jpg,non_georges,0
f:\bifu\non_georges\9cb80298ab78b4c4405322a8f0aba8e5.jpg,non_georges,0
f:\bifu\non_georges\5b677337f2685ec92f84fb344cadf498.jpg,non_georges,0
f:\bifu\non_georges\36256e670062e54fa73c1300b83313c2.jpg,non_georges,0
f:\bifu\non_georges\a5d39f30064fd4e6a65f1c21ad7a2187.jpg,non_georges,0
f:\bifu\non_georges\59ed459d179a7eb14a0a43abec80f81d.jpg,non_georges,0
f:\bifu\non_georges\1e2fe1e89db9ac674da87e2eddebbe21.jpg,non_georges,0
f:\bifu\non_georges\42d50be8e8c3d4597ec8ffcf26ab1ea8.jpg,non_georges,0
f:\bifu\non_georges\9b8f1eb3d8f4e05c0d6b33802b7a9d43.jpg,non_georges,0
f:\bifu\non_georges\f29c408823c577e0eaadd08ca45a08e3.jpg,non_georges,0
f:\bifu\non_georges\4b6dd6efb9a1794f20b70031c2dafb50.jpg,non_georges,0
f:\bifu\non_georges\8c5a6a8d596375f7e8f4725ff282d0cf.jpg,non_georges,0
f:\bifu\non_georges\719a3e64b71a49a1f7f9977d7eb56b51.jpg,non_georges,0
f:\bifu\non_georges\c361414f19087608baea858583b54ae2.jpg,non_georges,0
f:\bifu\non_georges\e4ed87f1443f6aa4b93e12a93b1e327a.jpg,non_georges,0
f:\bifu\non_georges\870898ca525c38660573b0963bd1df14.jpg,non_georges,0
f:\bifu\non_georges\c0b32b6a1015069af8ce0e4d69086d20.jpg,non_georges,0
f:\bifu\non_georges\952a80da97786ef6329120e626553237.jpg,non_georges,0
f:\bifu\non_georges\f98feaaa3f0333ff01fc3854003c97fd.jpg,non_georges,0
f:\bifu\non_georges\867b0208160ed1f3dfc8cd7215286963.jpg,non_georges,0
f:\bifu\non_georges\810b76972c3dceac2bcc27ec38ee4c95.jpg,non_georges,0
f:\bifu\non_georges\3dc7ab7bb618cfb6600ea2a1909609f2.jpg,non_georges,0
f:\bifu\non_georges\3e491de83b6dd0ec51f288ab75796991.jpg,non_georges,0
f:\bifu\non_georges\6a3886c7e5a69089cf5f9e671098d09a.jpg,non_georges,0
f:\bifu\non_georges\f7a67e06975f7f0e1dbbf4d5b9ccd753.jpg,non_georges,0
f:\bifu\non_georges\ba8500c6f38019ec38a0bd0634f7af27.jpg,non_georges,0
f:\bifu\non_georges\fd57db0f4c8604038c7870f589997a0c.jpg,non_georges,0
f:\bifu\non_georges\020a114f2dbdd405a624d0cba1c4cc79.jpg,non_georges,0
f:\bifu\non_georges\e5f66fc322f0273a31e031da1cbe8b2e.jpg,non_georges,0
f:\bifu\non_georges\374819c33e9892d4370af1c8165560ca.jpg,non_georges,0
f:\bifu\non_georges\820643ec9267db9c4b17e44f68d161ea.jpg,non_georges,0
f:\bifu\non_georges\60d06f12350c8348ac61aeefbc2d1a2a.jpg,non_georges,0
f:\bifu\non_georges\f7b85e10e93e13f1e0ad801f1c2305f4.jpg,non_georges,0
f:\bifu\non_georges\5a91afeec18dcac3e3480f87bb0b471d.jpg,non_georges,0
f:\bifu\non_georges\94f8a66121c4f9aaf105f55bd1def253.jpg,non_georges,0
f:\bifu\non_georges\2ed1bc92e9b1347cdf9e21f3e135c399.jpg,non_georges,0
f:\bifu\non_georges\20a219a3146ad62ec2285b821c5726b8.jpg,non_georges,0
f:\bifu\non_georges\84c7fb8309910447830cc0f932b4f7c7.jpg,non_georges,0
f:\bifu\non_georges\71e3f2f3addc49c9756d72491251fb8e.jpg,non_georges,0
f:\bifu\non_georges\a31ed046ac3e37de66f4db15a16a76be.jpg,non_georges,0
f:\bifu\non_georges\1d29ee258a98f3ce3a561fff1c9cdeca.jpg,non_georges,0
f:\bifu\non_georges\015792479c00b4458a5d16c1347195df.jpg,non_georges,0
f:\bifu\non_georges\4102cb04471c0dbdf6be25c76de5f88f.jpg,non_georges,0
f:\bifu\non_georges\d967cc57dfa332d4bd0a045100656375.jpg,non_georges,0
f:\bifu\non_georges\ca73b8e716772472ea674caf6265e5b8.jpg,non_georges,0
f:\bifu\non_georges\520ee972fb1a757fd9c0b3b5eeb090d7.jpg,non_georges,0
f:\bifu\non_georges\e47397d8df3531116960b82bf8e7c92a.jpg,non_georges,0
f:\bifu\non_georges\6b3cb5272269f80e85b7d7769701fb7c.jpg,non_georges,0
f:\bifu\non_georges\2aeaf882c75491a4a3ce7c62e7d3390d.jpg,non_georges,0
f:\bifu\non_georges\e5062ae4896fd459f56de9b5b555ef94.jpg,non_georges,0
f:\bifu\non_georges\ea8f2b7cfb7c0303d62cc21607a737cd.jpg,non_georges,0
f:\bifu\non_georges\66df5acfbeeb9334efa4a2fe2942ac6c.jpg,non_georges,0
f:\bifu\non_georges\b7e90817814ae88770e9fced201337b8.jpg,non_georges,0
f:\bifu\non_georges\2f698c71eba4544940940b829ded41d0.jpg,non_georges,0
f:\bifu\non_georges\6b4c406bf7658841c552144862aa0b9b.jpg,non_georges,0
f:\bifu\non_georges\98696b8de4c2cf39dac5eb00bc4deb8c.jpg,non_georges,0
f:\bifu\non_georges\8858cf5a8faf9023b177801ce78aa4ed.jpg,non_georges,0
f:\bifu\non_georges\a21458a9b6fb28853ab092419b53e4ef.jpg,non_georges,0
f:\bifu\non_georges\4dfec529a461fbacb7e3b961edc43439.jpg,non_georges,0
f:\bifu\non_georges\8b1d72c4db92ede75d096ed206500ca6.jpg,non_georges,0
f:\bifu\non_georges\5afb09f96c201aa33d4b6ad851f24b82.jpg,non_georges,0
f:\bifu\non_georges\a1d8ae04f94fcd5d7cfae07a216beab0.jpg,non_georges,0
f:\bifu\non_georges\e54a0b38b98f9c6c8eb7d459404c36e3.jpg,non_georges,0
f:\bifu\non_georges\fa6d2e6001ae696428a918bc2f491b68.jpg,non_georges,0
f:\bifu\non_georges\6208a25899ab917c2ea8ae82550a6af3.jpg,non_georges,0
f:\bifu\non_georges\d69d40ec75af91ad2969571f7bf98a84.jpg,non_georges,0
f:\bifu\non_georges\17ac8b78d758c88ec2d598239942fff2.jpg,non_georges,0
f:\bifu\non_georges\48789d7c677fb44de050e4b410089f21.jpg,non_georges,0
f:\bifu\non_georges\4afb395a11877e60adf122815b5c1027.jpg,non_georges,0
f:\bifu\non_georges\868203c947c99c51d4a9a3f5f6dea511.jpg,non_georges,0
f:\bifu\non_georges\a8dc5a04e022d138de42edb1e1d721d2.jpg,non_georges,0
f:\bifu\non_georges\c88b82dec0678281f737710d76ae4bd9.jpg,non_georges,0
f:\bifu\non_georges\e01906356c9f2868d180436109a363e9.jpg,non_georges,0
f:\bifu\non_georges\0647f9324f3297976cc5573e3e1df17f.jpg,non_georges,0
f:\bifu\non_georges\d50f3c0c9aaaa5f9072368d4c73ba8d6.jpg,non_georges,0
f:\bifu\non_georges\95b08fb29ea56072555fe19e0eef947d.jpg,non_georges,0
f:\bifu\non_georges\1f8be86b605dd27a02af6bbc2a929e39.jpg,non_georges,0
f:\bifu\non_georges\16bde73277c8b34e016ef6c0f5b4ae84.jpg,non_georges,0
f:\bifu\non_georges\3a3b2a12d2a1e53eb801f25c2f3ed6dc.jpg,non_georges,0
f:\bifu\non_georges\636d431b33b88628ef22bf2a4068bfca.jpg,non_georges,0
f:\bifu\non_georges\bbf2deb902dad1914279b09407a5bfb7.jpg,non_georges,0
f:\bifu\non_georges\3eab38c6aad0a1bd5547ca135b8fa6a7.jpg,non_georges,0
f:\bifu\non_georges\6fc08c34b14d07c548bdcd202b8020ce.jpg,non_georges,0
f:\bifu\non_georges\ce037f236d08ce8804da83dd7ad23b3e.jpg,non_georges,0
f:\bifu\non_georges\12e286793b9507042329162287fc7a2c.jpg,non_georges,0
f:\bifu\non_georges\e5cea21ec02e712cede24564cb95b664.jpg,non_georges,0
f:\bifu\non_georges\791e8a50e046fb78e43632efc7ea8840.jpg,non_georges,0
f:\bifu\non_georges\4f285b6d12774a621f350fa9e579c22d.jpg,non_georges,0
f:\bifu\non_georges\d0664645fb1d7419da04d271c6beccbf.jpg,non_georges,0
f:\bifu\non_georges\9d9de0e4593d5e7f54d4c349363838de.jpg,non_georges,0
f:\bifu\non_georges\2e87f8fd55f58925d28fe64e7870f6f7.jpg,non_georges,0
f:\bifu\non_georges\7449192eefca8e23ca6bac7d266d3a94.jpg,non_georges,0
f:\bifu\non_georges\9ffbcb820dab03a05cd74183d162b26d.jpg,non_georges,0
f:\bifu\non_georges\07d52c579da49599d2178a3dd67bea23.jpg,non_georges,0
f:\bifu\non_georges\ea5e041416a7fac98b80828d546a4c11.jpg,non_georges,0
f:\bifu\non_georges\06b59af745021dd7d0f88d64a1d28ce8.jpg,non_georges,0
f:\bifu\non_georges\513336a5d3c6d097859bd6c89522269b.jpg,non_georges,0
f:\bifu\non_georges\4033bcdfcb6b2c7509e3e2a40ba5f863.jpg,non_georges,0
f:\bifu\non_georges\3a3e3e7e3a0c8f9f5c19c6d4bb6f885a.jpg,non_georges,0
f:\bifu\non_georges\a3386bbb823ae6e5838d6bed61df48a5.jpg,non_georges,0
f:\bifu\non_georges\1549a0a1ca77aaa562aca58f299ac5dd.jpg,non_georges,0
f:\bifu\non_georges\452d16f0ba04c333d7c4a48cd4fa9ca9.jpg,non_georges,0
f:\bifu\non_georges\11b155c82df327806bfa012c881eed27.jpg,non_georges,0
f:\bifu\non_georges\0146cdc5cee0dfa8812bdb2a38183649.jpg,non_georges,0
f:\bifu\non_georges\a6b8d80e1098783b138da11d89afe4e5.jpg,non_georges,0
f:\bifu\non_georges\e4f81562e41c43e3714abedf152baec5.jpg,non_georges,0
f:\bifu\non_georges\4dfb537f28e0fc7e54ee9cbe811dfc87.jpg,non_georges,0
f:\bifu\non_georges\ec552b5d389b0888a26054f4cf4171c2.jpg,non_georges,0
f:\bifu\non_georges\f8696b31e05df7109f1e3588126dc529.jpg,non_georges,0
f:\bifu\non_georges\076e7c9327c804064172be7de719e822.jpg,non_georges,0
f:\bifu\non_georges\61570bec8c083bf73f9e54582a1f759d.jpg,non_georges,0
f:\bifu\non_georges\e464282361079946649739fb9621fa33.jpg,non_georges,0
f:\bifu\non_georges\75a540a6ffc17491b2ea6f57e50bb92b.jpg,non_georges,0
f:\bifu\non_georges\d223f398eeff60a64f982346191148ad.jpg,non_georges,0
f:\bifu\non_georges\b50b1231df0b397db001c30e958d8ce2.jpg,non_georges,0
f:\bifu\non_georges\3ea1402b4ff75dc417ac15923f76312f.jpg,non_georges,0
f:\bifu\non_georges\7a86683e5574e595e2768c1c147b1dea.jpg,non_georges,0
f:\bifu\non_georges\f4814a01b32d9a950790cacfbd7cab4c.jpg,non_georges,0
f:\bifu\non_georges\f2990dd817994443ddd00a0954937815.jpg,non_georges,0
f:\bifu\non_georges\85491a7426a95f1de547504038094333.jpg,non_georges,0
f:\bifu\non_georges\4e694a0325ea2d7a5bb04fca8270d801.jpg,non_georges,0
f:\bifu\non_georges\de619ab2b6fc1226d10e70e20801d4d8.jpg,non_georges,0
f:\bifu\non_georges\eba1737a3d1caa4e3a17ed923da4cc8e.jpg,non_georges,0
f:\bifu\non_georges\d2ad62df7b7d5d3ee3cb668f98d60b89.jpg,non_georges,0
f:\bifu\non_georges\faa37121f734c17a36ab64296e318a60.jpg,non_georges,0
f:\bifu\non_georges\1e1fe4ecc053206b996e33d22e9969f8.jpg,non_georges,0
f:\bifu\non_georges\be630da5a796b8f7402881ebcc60b657.jpg,non_georges,0
f:\bifu\non_georges\cf2cfe7993d9a45d90ef576f93beba08.jpg,non_georges,0
f:\bifu\non_georges\6baaa8a18104481371c688442a367b3d.jpg,non_georges,0
f:\bifu\non_georges\286ff2bd9184564b28c67fb326659e5f.jpg,non_georges,0
f:\bifu\non_georges\42a923623337d899c684c09262ab9c29.jpg,non_georges,0
f:\bifu\non_georges\3d0bc8376890ae4106fb3481b5b787a7.jpg,non_georges,0
f:\bifu\non_georges\5bfc61da8fd1e199fe836da7578a64cd.jpg,non_georges,0
f:\bifu\non_georges\a41814977a9294f7affca8dfbe993a57.jpg,non_georges,0
f:\bifu\non_georges\0ffb4bdc2555f86737f120a19b851f54.jpg,non_georges,0
f:\bifu\non_georges\1648a9c5c2d6f9e95cb8ede4b79620dc.jpg,non_georges,0
f:\bifu\non_georges\78779523e1d78200f7d3dff7ce26ce2f.jpg,non_georges,0
f:\bifu\non_georges\f706484415a38ef23aee73ad1bb0ca84.jpg,non_georges,0
f:\bifu\non_georges\a5dca60ceb06cd8ca34521fa76d82bfe.jpg,non_georges,0
f:\bifu\non_georges\8ed034ecdf949afa9c7960a7a45c1e57.jpg,non_georges,0
f:\bifu\non_georges\4a1524c117881376f493e8530459f350.jpg,non_georges,0
f:\bifu\non_georges\cb5e9b66a38b270297cfa3c0007ee100.jpg,non_georges,0
f:\bifu\non_georges\54b2ef7af71a9e522f6013b599eb31de.jpg,non_georges,0
f:\bifu\non_georges\118ad18cb4948ca4d6a6bb707041e2ff.jpg,non_georges,0
f:\bifu\non_georges\50fa788dd669c86367bd03b64ed036ce.jpg,non_georges,0
f:\bifu\non_georges\d66d5660b5988ead8571eb5ba0176d95.jpg,non_georges,0
f:\bifu\non_georges\bb9b34c05ce0c7d39f93e98d5afd8a82.jpg,non_georges,0
f:\bifu\non_georges\91929a9d03728532f7987091407308c1.jpg,non_georges,0
f:\bifu\non_georges\37656b748b233195d3f3aa037ecb4d17.jpg,non_georges,0
f:\bifu\non_georges\fd1ff213d688453f5e58908fe4bb8c18.jpg,non_georges,0
f:\bifu\non_georges\f89d574d19ebcf1c02c30c480d1195ea.jpg,non_georges,0
f:\bifu\non_georges\cec2e92d2a89f4e9a88f06b118ee95d4.jpg,non_georges,0
f:\bifu\non_georges\a70f55417567c1845c3d92af6875f7e8.jpg,non_georges,0
f:\bifu\non_georges\c53a02b4d37b8eb05e1d95031e511db1.jpg,non_georges,0
f:\bifu\non_georges\6c2b348e8f81fbed5b6a2fd3bdfc94e6.jpg,non_georges,0
f:\bifu\non_georges\4ca3f6428f5cbde8406093c81d92dc00.jpg,non_georges,0
f:\bifu\non_georges\917ee0fbe24762f08ae86aaf68c67976.jpg,non_georges,0
f:\bifu\non_georges\637e67e70c182105bcf511012f7e9c81.jpg,non_georges,0
f:\bifu\non_georges\bea156c985f42defae9af375e1dabc0f.jpg,non_georges,0
f:\bifu\non_georges\8f1cc9dd15560b7fb97b7bba3e5361eb.jpg,non_georges,0
f:\bifu\non_georges\0b3718c8e68f3274eec4e085f07db740.jpg,non_georges,0
f:\bifu\non_georges\919df5c680410391e00c0beb7dc9f0da.jpg,non_georges,0
f:\bifu\non_georges\2f8b260cd7fe7a9f8f4b70972c738b89.jpg,non_georges,0
f:\bifu\non_georges\60e5a376c14ccaaf8f19e641a31a7c2a.jpg,non_georges,0
f:\bifu\non_georges\27c8b6536a15decc309538d9b7db8e43.jpg,non_georges,0
f:\bifu\non_georges\4c85ef56be70e8569ca24812efaf22c9.jpg,non_georges,0
f:\bifu\non_georges\301fd707e4efca3e8326a1f7a9fa9f8f.jpg,non_georges,0
f:\bifu\non_georges\2e9274519235201b4ba245814640d1ba.jpg,non_georges,0
f:\bifu\non_georges\d661ad0e0d0232ad25db21755f5ee410.jpg,non_georges,0
f:\bifu\non_georges\4e45808d9f56d2f0b5971f94b3d87bd6.jpg,non_georges,0
f:\bifu\non_georges\d14ed073354ac1fcb8189bcf3532c1d1.jpg,non_georges,0
f:\bifu\non_georges\6874d4e57bdc2f0e72f465d02ee35109.jpg,non_georges,0
f:\bifu\non_georges\2105f4df2f779c613c380cf7bfd3e440.jpg,non_georges,0
f:\bifu\non_georges\e2aac5443ed56d30e943c9feace9f0e2.jpg,non_georges,0
f:\bifu\non_georges\853408395af9970b030d481f2ca7df44.jpg,non_georges,0
f:\bifu\non_georges\e7d5014784e57307f76c7c26500bd737.jpg,non_georges,0
f:\bifu\non_georges\048cc2092377f1b4da72fe2a82d512af.jpg,non_georges,0
f:\bifu\non_georges\79d0c621979535c7673c4341f16e53e0.jpg,non_georges,0
f:\bifu\non_georges\35e66d057ae359171c065943408f1bda.jpg,non_georges,0
f:\bifu\non_georges\f94d6abd19045c4ea754191919992572.jpg,non_georges,0
f:\bifu\non_georges\71915c7f8b00f1eb0dd7057242955a57.jpg,non_georges,0
f:\bifu\non_georges\1ac6e560ce65495f81a432b5094c3584.jpg,non_georges,0
f:\bifu\non_georges\5915725a3ba7df452a7a9b1305a60e1d.jpg,non_georges,0
f:\bifu\non_georges\742d44bfc3725163252c1e9743aad581.jpg,non_georges,0
f:\bifu\non_georges\db33e9b2bd290e26b13aee6f9eae7d26.jpg,non_georges,0
f:\bifu\non_georges\7b20b3f389d5f1cd8989c70ff312281a.jpg,non_georges,0
f:\bifu\non_georges\6b2126db70256ed31f25412a91b0c8e9.jpg,non_georges,0
f:\bifu\non_georges\d5d6cb7c66201ae9e1a3786e3040882d.jpg,non_georges,0
f:\bifu\non_georges\568f1b84ab28a006e0a8ba7cbf03254d.jpg,non_georges,0
f:\bifu\non_georges\1f374b3a70f1b1a43fbdc26565cd8720.jpg,non_georges,0
f:\bifu\non_georges\99cb95ca3b81ca842ccb17d5bc66ecad.jpg,non_georges,0
f:\bifu\non_georges\62b8dbd5021a33d728eafb06a2579d45.jpg,non_georges,0
f:\bifu\non_georges\c1a01989a83ede05ca29751413a842f4.jpg,non_georges,0
f:\bifu\non_georges\51476c918e59ad263f97ec5d9cd321e2.jpg,non_georges,0
f:\bifu\non_georges\378205fde419faa32f696fb436400007.jpg,non_georges,0
f:\bifu\non_georges\235af290f27c18f03b0bc133089c709c.jpg,non_georges,0
f:\bifu\non_georges\3371708887e0e05248f732d70984b544.jpg,non_georges,0
f:\bifu\non_georges\6f1724ec249d522bdf88907c1664c1c9.jpg,non_georges,0
f:\bifu\non_georges\19e7c41b689a5d2046f456adb6c335a1.jpg,non_georges,0
f:\bifu\non_georges\3083315967c19b9bd2202afa089eb2c2.jpg,non_georges,0
f:\bifu\non_georges\7d61bc793c24085a98f179b1d86bdad4.jpg,non_georges,0
f:\bifu\non_georges\cfcaef69c2e9fa9e2a05738abcbd7055.jpg,non_georges,0
f:\bifu\non_georges\63d824e82bd7605feb33c2a27516c5d8.jpg,non_georges,0
f:\bifu\non_georges\d92dc8e80e3afadade55960b8d4ac8d2.jpg,non_georges,0
f:\bifu\non_georges\6f3e059198c3dfa75a46e477c48eca09.jpg,non_georges,0
f:\bifu\non_georges\bd9f11825a74f612a1c8702f7227388c.jpg,non_georges,0
f:\bifu\non_georges\a781a4e7d6cf50637fd07da9dd13c4f1.jpg,non_georges,0
f:\bifu\non_georges\f58f180643de441d5a10d77604876bfb.jpg,non_georges,0
f:\bifu\non_georges\7cb548f044b7c65a82c6c13ff7939506.jpg,non_georges,0
f:\bifu\non_georges\edb9c8a9440fc8644f39b4d5b3ed54f7.jpg,non_georges,0
f:\bifu\non_georges\37544aa8c2969ff617eb5c18eebf72c1.jpg,non_georges,0
f:\bifu\non_georges\5144c6944d0b432acf3b2b0b02c056fe.jpg,non_georges,0
f:\bifu\non_georges\49fac2485ec24f19b2d96b31fecdb369.jpg,non_georges,0
f:\bifu\non_georges\608b1f9cbca211694fdc6f08a5487c35.jpg,non_georges,0
f:\bifu\non_georges\5a160ac2f155f6114849b3dfe5190c54.jpg,non_georges,0
f:\bifu\non_georges\32613407ca710a8edfe61f874f52b88d.jpg,non_georges,0
f:\bifu\non_georges\140a2bef59074ca2dc91d5fa0695111c.jpg,non_georges,0
f:\bifu\non_georges\856fc8112233ca6b31ea2ecbd66997e5.jpg,non_georges,0
f:\bifu\non_georges\416899d89f78de1afb5e95bfe5affeea.jpg,non_georges,0
f:\bifu\non_georges\fe11ca454252af25cff5d4b24fcd1694.jpg,non_georges,0
f:\bifu\non_georges\f6685a20a91c87d1d34d9cb1d5f20ac8.jpg,non_georges,0
f:\bifu\non_georges\6593864fafc50cc36b03b81aa44424ec.jpg,non_georges,0
f:\bifu\non_georges\c5052ee2294e401dc48443f923c13d2c.jpg,non_georges,0
f:\bifu\non_georges\9e2280052cfcafbec86af9a434f64200.jpg,non_georges,0
f:\bifu\non_georges\b9e1989437eb733cfc80d121c313b3a9.jpg,non_georges,0
f:\bifu\non_georges\0de73c0fac4cf6fef2d6e5b231781e6d.jpg,non_georges,0
f:\bifu\non_georges\148f32761edad38432d51b6ed17a57cf.jpg,non_georges,0
f:\bifu\non_georges\9278800068d3ea7c998e3e5bcbd949b6.jpg,non_georges,0
f:\bifu\non_georges\a145c20b659f2a8147a07364a43d94d0.jpg,non_georges,0
f:\bifu\non_georges\ab0c7a7872a67474c16a22389d6615e8.jpg,non_georges,0
f:\bifu\non_georges\c312eb14ff4f0942675e4d38a32cd77e.jpg,non_georges,0
f:\bifu\non_georges\c5a517a211dc11b493a535677fccf6d9.jpg,non_georges,0
f:\bifu\non_georges\397dbef84daa073434d30add3c085900.jpg,non_georges,0
f:\bifu\non_georges\d64498091549d71bf913b4e2c4eaa7ed.jpg,non_georges,0
f:\bifu\non_georges\7cd4da81513324fc986e798bc19ac183.jpg,non_georges,0
f:\bifu\non_georges\26b5ddd831c3667976c2499742ab191d.jpg,non_georges,0
f:\bifu\non_georges\6bd2fd0629cfe0677c99116dd1da5680.jpg,non_georges,0
f:\bifu\non_georges\a808cb935ac46c7e289b452f90c86f86.jpg,non_georges,0
f:\bifu\non_georges\9e0515f2fabf3cb4e65a31763e0f9d4b.jpg,non_georges,0
f:\bifu\non_georges\6c5366dc4cb036c23a6c927bef7610c1.jpg,non_georges,0
f:\bifu\non_georges\f9f6049087fb1571812867cd75c201ee.jpg,non_georges,0
f:\bifu\non_georges\39845aea7887fec2a1304bbcf3af35d3.jpg,non_georges,0
f:\bifu\non_georges\98f06beb6df4bb8f376af793e24846dd.jpg,non_georges,0
f:\bifu\non_georges\87727326a7bf28878eab7145ae802964.jpg,non_georges,0
f:\bifu\non_georges\2fed73e0bf05a743a6e03322246e8ec1.jpg,non_georges,0
f:\bifu\non_georges\2ea55aa2bdbe381d9efcc2898684b83d.jpg,non_georges,0
f:\bifu\non_georges\55548b5b9ed867bd9c7012260a17a20d.jpg,non_georges,0
f:\bifu\non_georges\ffb6691fdf4f2d6d504b45768574f642.jpg,non_georges,0
f:\bifu\non_georges\09a51df0d22064b5d2a0e0dc489e2d44.jpg,non_georges,0
f:\bifu\non_georges\b8a81e368dedb03bf267d74156681a51.jpg,non_georges,0
f:\bifu\non_georges\32e11fd635c4ebf18fe75f0b6e5358b4.jpg,non_georges,0
f:\bifu\non_georges\0e39d7abf747ad5b6da9240be28f5f16.jpg,non_georges,0
f:\bifu\non_georges\db09bb1dca3f8a8c215c6aed92ddc648.jpg,non_georges,0
f:\bifu\non_georges\78960eba7d868c0010eb8c3740c4e622.jpg,non_georges,0
f:\bifu\non_georges\994a2943fd14e903c9d02bc132fcfa7f.jpg,non_georges,0
f:\bifu\non_georges\e6f99b99b4a560be1ea36ad775f6dcca.jpg,non_georges,0
f:\bifu\non_georges\157752b91e66de49fb82741a548e8719.jpg,non_georges,0
f:\bifu\non_georges\138b84c059c49032af83fa33f0c58487.jpg,non_georges,0
f:\bifu\non_georges\e2fc79e73c60e2d1c487a66fba9f493f.jpg,non_georges,0
f:\bifu\non_georges\d4b4689c32f70d5dd275325b19e418f6.jpg,non_georges,0
f:\bifu\non_georges\2df5b8b8ef7e0b8e326c0d1001860eab.jpg,non_georges,0
f:\bifu\non_georges\21b0ec0b4d78a9f1e49e6bfb79133684.jpg,non_georges,0
f:\bifu\non_georges\c5ebf03722256e03eaaa10ffe42f191b.jpg,non_georges,0
f:\bifu\non_georges\2a54904d4af440fb6808a274b6ad5e70.jpg,non_georges,0
f:\bifu\non_georges\b107b4290bd7bfea71decd476fec6c0b.jpg,non_georges,0
f:\bifu\non_georges\ecd87b60ca96cd3eb33ce7840ea1ef2e.jpg,non_georges,0
f:\bifu\non_georges\ae3fd7251a6980adf07c92e6cc36dcc7.jpg,non_georges,0
f:\bifu\non_georges\b2a673650e163af502f6897d9b231e3c.jpg,non_georges,0
f:\bifu\non_georges\51466c3db264c5adee2dc54b05c41941.jpg,non_georges,0
f:\bifu\non_georges\dd29c0f598b6cafb36d980efb5d8f9f4.jpg,non_georges,0
f:\bifu\non_georges\afa95e07535aaf8ec10ff7726350b949.jpg,non_georges,0
f:\bifu\non_georges\8ad89d322d6e076b6cf286a9652f4d2c.jpg,non_georges,0
f:\bifu\non_georges\c2db87a905a633d9ab33e93c676141c3.jpg,non_georges,0
f:\bifu\non_georges\fbc017caccb4183a280e6b0fc416e040.jpg,non_georges,0
f:\bifu\non_georges\ff6643570861a749f52aad014b75ffaa.jpg,non_georges,0
f:\bifu\non_georges\e460541124fb52347482ddb583265440.jpg,non_georges,0
f:\bifu\non_georges\f1778bda2a581f61f3964fe0f96a4d61.jpg,non_georges,0
f:\bifu\non_georges\e91bc3511973482f4e45e1edcb6078d7.jpg,non_georges,0
f:\bifu\non_georges\f6f6577d0cb9baad7c2b5d53307ec139.jpg,non_georges,0
f:\bifu\non_georges\6c12290a98ece63407973aa0cfd8e0f8.jpg,non_georges,0
f:\bifu\non_georges\8b64dc7795aaffe5b49725ae29b8b581.jpg,non_georges,0
f:\bifu\non_georges\7a8e62b120edd403f1e4a1e927b45b4b.jpg,non_georges,0
f:\bifu\non_georges\8b04221dab6d1b33a3e88921b51b6699.jpg,non_georges,0
f:\bifu\non_georges\e5897e218e33305c3de9b2638bb8daea.jpg,non_georges,0
f:\bifu\non_georges\3b1fdf96034b88a9f0f74a4c71352832.jpg,non_georges,0
f:\bifu\non_georges\cc23c8d2f44209706ae6008045394402.jpg,non_georges,0
f:\bifu\non_georges\1857784d2a400abd08b2229961bf4739.jpg,non_georges,0
f:\bifu\non_georges\f42a3df57b2a34ab73bb63d47ab76a93.jpg,non_georges,0
f:\bifu\non_georges\053879033670c842306b10f48acb2a5b.jpg,non_georges,0
f:\bifu\non_georges\58fcae2f710fb4a14387924cee11c46b.jpg,non_georges,0
f:\bifu\non_georges\bdb3d4a541e2d7ad059afba263255749.jpg,non_georges,0
f:\bifu\non_georges\73e5dda5b718d3468f080012618228a1.jpg,non_georges,0
f:\bifu\non_georges\3a4210ca0d2856d20d24970c04dbceac.jpg,non_georges,0
f:\bifu\non_georges\7dd03902794dcf14293150b70be5c56c.jpg,non_georges,0
f:\bifu\non_georges\901970f21dcb8e3358f36e2cdab2cbc1.jpg,non_georges,0
f:\bifu\non_georges\96ea5d5f5818d2740870c46d5e886af8.jpg,non_georges,0
f:\bifu\non_georges\05a9efee770d2cec1fd11246cbc195f6.jpg,non_georges,0
f:\bifu\non_georges\a40dbeadd52f17bb2b6dce4ac701a380.jpg,non_georges,0
f:\bifu\non_georges\babdf89dcac935bf30a9d2a77867cda9.jpg,non_georges,0
f:\bifu\non_georges\bb42b546418aad7440d6b7cce8da9f53.jpg,non_georges,0
f:\bifu\non_georges\95ecf8c252103006c27f3ec7c40c701d.jpg,non_georges,0
f:\bifu\non_georges\18f4b0c45a87b43b8ff551763ec0c973.jpg,non_georges,0
f:\bifu\non_georges\50cac2e4741422c8c2fd16c8ea5ae52c.jpg,non_georges,0
f:\bifu\non_georges\c0c401e54c68380d9db4ae98657cfbf3.jpg,non_georges,0
f:\bifu\non_georges\40b73205da49e05b747c9f37180387f0.jpg,non_georges,0
f:\bifu\non_georges\0bb45cf2b4daa076cd3045b86a222aa3.jpg,non_georges,0
f:\bifu\non_georges\c1349456de5ecbc6b70e11e3b3ab9f54.jpg,non_georges,0
f:\bifu\non_georges\7b177937b8b50e67b5ff21ccbb6df457.jpg,non_georges,0
f:\bifu\non_georges\45bc1039be099622679e2f683372be35.jpg,non_georges,0
f:\bifu\non_georges\69348b2952ae461c6f28450a10fcb571.jpg,non_georges,0
f:\bifu\non_georges\691e68c13ea1eb02cf7f36841556b27c.jpg,non_georges,0
f:\bifu\non_georges\82210c9dbd7e8ab3a817afe96e6e232b.jpg,non_georges,0
f:\bifu\non_georges\473f7e56c908bc184f93ccf2aba24f16.jpg,non_georges,0
f:\bifu\non_georges\d45b0110812e6e140172f340bc5ea06a.jpg,non_georges,0
f:\bifu\non_georges\715a3329c03c6886fb38366a12d6c0ed.jpg,non_georges,0
f:\bifu\non_georges\1a742e33ce57904076fc625fc1df1f83.jpg,non_georges,0
f:\bifu\non_georges\440e57886692621def040928f67b4f87.jpg,non_georges,0
f:\bifu\non_georges\762c8c4b197c39e3d2434c116b35fd06.jpg,non_georges,0
f:\bifu\non_georges\daa3aae9bac5fb3bcf165629b22bdaac.jpg,non_georges,0
f:\bifu\non_georges\311baed2c0720ed6c4e4f3bea38dadcd.jpg,non_georges,0
f:\bifu\non_georges\72b5725d75699df368507c5d0cc9d9ba.jpg,non_georges,0
f:\bifu\non_georges\dfc88a471d2b9ee8fed97a130e4310da.jpg,non_georges,0
f:\bifu\non_georges\b4c3b66d3a91c8493ee3a0dd8f6c6a54.jpg,non_georges,0
f:\bifu\non_georges\6e64fe03e3925c39b8bd37fd40b3c261.jpg,non_georges,0
f:\bifu\non_georges\332b6451543259600659cfcdb5d738a3.jpg,non_georges,0
f:\bifu\non_georges\2f025c73a832fecdcf5a1cd37f41bcfa.jpg,non_georges,0
f:\bifu\non_georges\cba3a5cc9fd8786bbf303c92003ef2c7.jpg,non_georges,0
f:\bifu\non_georges\beda42457458f46342a8b10e87e3cf88.jpg,non_georges,0
f:\bifu\non_georges\8b5cb1d4901f8585eebfa1c47cd88f09.jpg,non_georges,0
f:\bifu\non_georges\f4e329bbfc20db64087498eea9abda6e.jpg,non_georges,0
f:\bifu\non_georges\7f9b2d4318e4b648cdc00fbc80bb3a58.jpg,non_georges,0
f:\bifu\non_georges\437bc7ea8837d61a945d6fca486ead11.jpg,non_georges,0
f:\bifu\non_georges\0d23478ab8e72bbde29bcca2e96e3d53.jpg,non_georges,0
f:\bifu\non_georges\d0ae4fc08cd88cea3f0f40303cab396a.jpg,non_georges,0
f:\bifu\non_georges\51735563bac9b2d193fac6900cffd3ce.jpg,non_georges,0
f:\bifu\non_georges\8ba896bb417eb85ab36ece5a46608c47.jpg,non_georges,0
f:\bifu\non_georges\8bc6150689e0058b9556759dbe03d8a1.jpg,non_georges,0
f:\bifu\non_georges\ed96448e53a1e8de1b0a7231e5bdd9a0.jpg,non_georges,0
f:\bifu\non_georges\d2070a386afa100e34819cb09f980c31.jpg,non_georges,0
f:\bifu\non_georges\d0f05ff467874beadd7690203e8ec8a1.jpg,non_georges,0
f:\bifu\non_georges\765f6d2f37c8fbea2939feec487eb3e2.jpg,non_georges,0
f:\bifu\non_georges\ebc7cf449a820e925a29e39d137fac02.jpg,non_georges,0
f:\bifu\non_georges\3fd85b07e74386699e10feb4e80faa15.jpg,non_georges,0
f:\bifu\non_georges\dc211bd07d0a35ac88a560253e9de76b.jpg,non_georges,0
f:\bifu\non_georges\6f7b2bb3192b981f38a68edd679845ae.jpg,non_georges,0
f:\bifu\non_georges\13bef74c5cfa0c19000430018f40fcb7.jpg,non_georges,0
f:\bifu\non_georges\c4b1683cd795d3abae5917bc68b19388.jpg,non_georges,0
f:\bifu\non_georges\dd37bc16b56267be49cd92d56619452a.jpg,non_georges,0
f:\bifu\non_georges\6a942c7233418419b6999c09be40f880.jpg,non_georges,0
f:\bifu\non_georges\bbf199d8450424cbb4594b2ec093aa04.jpg,non_georges,0
f:\bifu\non_georges\f7023577019cf6e4e44243f91a3f25c5.jpg,non_georges,0
f:\bifu\non_georges\1e5149d470a3fdb88c61128bff275115.jpg,non_georges,0
f:\bifu\non_georges\05d9786901a3c987429e8f05b593d255.jpg,non_georges,0
f:\bifu\non_georges\c04e68f3fe772e359c646acfafe96988.jpg,non_georges,0
f:\bifu\non_georges\dc5d5cb536179ccce8114fbb5fb0c25b.jpg,non_georges,0
f:\bifu\non_georges\cedba403833119518799faf8570f96d1.jpg,non_georges,0
f:\bifu\non_georges\a53e93ad202ee288c96aaf9eda2b4a3a.jpg,non_georges,0
f:\bifu\non_georges\fca9dba44e8f30d470b90c67266179ae.jpg,non_georges,0
f:\bifu\non_georges\75a914177840c901da78bdcca60e1710.jpg,non_georges,0
f:\bifu\non_georges\e23b647d1ccf9996fa1b03940d588f99.jpg,non_georges,0
f:\bifu\non_georges\06703de16e6b807f4febe888b9c84c22.jpg,non_georges,0
f:\bifu\non_georges\f9ed5f45456f5101e9f93a2bff0218a3.jpg,non_georges,0
f:\bifu\non_georges\d67e7a029d8320d9904c0fced732062f.jpg,non_georges,0
f:\bifu\non_georges\1fdf94c253b7ffef0f3c4d088e14bf9c.jpg,non_georges,0
f:\bifu\non_georges\2effb5f90e470aa6a9f58a55c6f60061.jpg,non_georges,0
f:\bifu\non_georges\05f4e40c6df42c1b7b18a6b2099c8f57.jpg,non_georges,0
f:\bifu\non_georges\b4841ddd48783beee15e192f23afad4c.jpg,non_georges,0
f:\bifu\non_georges\094b2bafd76f78e85e08fea5f815efde.jpg,non_georges,0
f:\bifu\non_georges\ecb56e8ff025bb1767e2b48b8a0a1ba4.jpg,non_georges,0
f:\bifu\non_georges\b38981f6a51c97e43209b194282d5d4c.jpg,non_georges,0
f:\bifu\non_georges\b566236807e9cebcec60623f1c78f8d6.jpg,non_georges,0
f:\bifu\non_georges\cca3b6db86a77bd41c6c3bf32d67f5f5.jpg,non_georges,0
f:\bifu\non_georges\a68d223fa86a578f36fa0c98e554ef83.jpg,non_georges,0
f:\bifu\non_georges\1be56badad063017b61dd52e0ec4bc0e.jpg,non_georges,0
f:\bifu\non_georges\99c6db4f0be71f20d89e2ebab60f39d7.jpg,non_georges,0
f:\bifu\non_georges\35ee7a9bb279bac27cb67067996c3929.jpg,non_georges,0
f:\bifu\non_georges\55fe812543da219be0c8269007dd3b0e.jpg,non_georges,0
f:\bifu\non_georges\c33d3fd181cb114831ea0e5522f34909.jpg,non_georges,0
f:\bifu\non_georges\06a598784129a6fbe204237314a8ecd3.jpg,non_georges,0
f:\bifu\non_georges\153802ad6b308bb4fc3e844a821de01b.jpg,non_georges,0
f:\bifu\non_georges\34f0d5df0e6293d1bd09458229b9adfe.jpg,non_georges,0
f:\bifu\non_georges\5b21b028dfa56cb5125ec6568671ceb7.jpg,non_georges,0
f:\bifu\non_georges\8d64fafcd38e8409f376eaabc4ded574.jpg,non_georges,0
f:\bifu\non_georges\7cef1feeeaa70019b9effe174536d7e6.jpg,non_georges,0
f:\bifu\non_georges\27811ae0501e6cdebdc3adeeebabc060.jpg,non_georges,0
f:\bifu\non_georges\85e81d6d43e5a086a9c3df4cc55f108f.jpg,non_georges,0
f:\bifu\non_georges\ac4fe43a0e46e0648769028c4b7850b1.jpg,non_georges,0
f:\bifu\non_georges\d8bee05c131126743912dc7e5706363b.jpg,non_georges,0
f:\bifu\non_georges\e2d903a54d4f1bf3b65e0552683d074d.jpg,non_georges,0
f:\bifu\non_georges\2954138c390bfb574f37b47cc8c2c54d.jpg,non_georges,0
f:\bifu\non_georges\3b7edb17c8cef5a97522b79eb0947dfb.jpg,non_georges,0
f:\bifu\non_georges\3d8396fc144db635fc3e11887a838962.jpg,non_georges,0
f:\bifu\non_georges\eeef375c093d5633faa6edf49e97a583.jpg,non_georges,0
f:\bifu\non_georges\fbbf3b0431b49e3b256c86c980d64284.jpg,non_georges,0
f:\bifu\non_georges\d1c29415d2a038a58f98e89fd371bc8b.jpg,non_georges,0
f:\bifu\non_georges\3e3ed55df15f4f12f68656a3c41dd1a0.jpg,non_georges,0
f:\bifu\non_georges\c03ebe57c4ddfeb877c22c4301774dd4.jpg,non_georges,0
f:\bifu\non_georges\5720127d7c94eee0fbf30d998308e0ef.jpg,non_georges,0
f:\bifu\non_georges\67e1fed76e203a121bf6e3ea87f84b6c.jpg,non_georges,0
f:\bifu\non_georges\72762773c22db8dd81e902ace2ebb818.jpg,non_georges,0
f:\bifu\non_georges\55cc33d1d5d88ef10777893028fc219c.jpg,non_georges,0
f:\bifu\non_georges\9839501217760e4f241847130d67ede6.jpg,non_georges,0
f:\bifu\non_georges\0a1d16739d05cc3add65c8263bc97183.jpg,non_georges,0
f:\bifu\non_georges\3979aee259756557578c11aafe6b54f0.jpg,non_georges,0
f:\bifu\non_georges\df12c862af40d58ca593e994676d10ca.jpg,non_georges,0
f:\bifu\non_georges\0daf140c373000b5b3696ffb7ac9ddcc.jpg,non_georges,0
f:\bifu\non_georges\db7552e375003f368dbc303de39e6489.jpg,non_georges,0
f:\bifu\non_georges\feecd385bb1de61defb85f42b81bab60.jpg,non_georges,0
f:\bifu\non_georges\4280b945706b599ab044a06755ff4fc9.jpg,non_georges,0
f:\bifu\non_georges\6f5fe8cda2a32085fa86c7ef3340c4c8.jpg,non_georges,0
f:\bifu\non_georges\2776ec2dd506cda15ec874c463a5431c.jpg,non_georges,0
f:\bifu\non_georges\38b03bc7cb89b0a02c1a4d18580cbc54.jpg,non_georges,0
f:\bifu\non_georges\7a71c5958a763e58a8a26cb5415964ef.jpg,non_georges,0
f:\bifu\non_georges\003d4e46a416fd1ccdc9deb20a079865.jpg,non_georges,0
f:\bifu\non_georges\c3c6b2b986d6fd1b024e23f73f54b29e.jpg,non_georges,0
f:\bifu\non_georges\f09bc5520642554cd49be57353e1d96c.jpg,non_georges,0
f:\bifu\non_georges\16bda5cdc7e36ac85274ae212d74b723.jpg,non_georges,0
f:\bifu\non_georges\c4fd7561727190e82973b57d5902d8b8.jpg,non_georges,0
f:\bifu\non_georges\a895948cf5311c3b02637bb6d875c905.jpg,non_georges,0
f:\bifu\non_georges\51056f60039f2ee59b97f8cc0ae66f88.jpg,non_georges,0
f:\bifu\non_georges\6326308bac27dc37f86e64e3451daae0.jpg,non_georges,0
f:\bifu\non_georges\ba10ade76b96e613cb83f6c3a6f439fe.jpg,non_georges,0
f:\bifu\non_georges\53e7a41406bdb7c0b45485eafb7ca1a7.jpg,non_georges,0
f:\bifu\non_georges\9cdcf30465bcb04cbcd3a99412576145.jpg,non_georges,0
f:\bifu\non_georges\e8f5996391c20a0156671bc1aa769c39.jpg,non_georges,0
f:\bifu\non_georges\6af8f1a62da654b5bc63b49d37684ef7.jpg,non_georges,0
f:\bifu\non_georges\f44fa64d63e8ee68c5ca235fed4d3ade.jpg,non_georges,0
f:\bifu\non_georges\4883dc8e147fef010b68dce8dcb7c981.jpg,non_georges,0
f:\bifu\non_georges\61e64c47854eaabf0db373759626f963.jpg,non_georges,0
f:\bifu\non_georges\644b578a4fe52955eecd5b6c3d3e4687.jpg,non_georges,0
f:\bifu\non_georges\88895fde2e37ed03c420cc6323d6c98b.jpg,non_georges,0
f:\bifu\non_georges\26f75b71cf51d52b75a87edfe53bb8e5.jpg,non_georges,0
f:\bifu\non_georges\071fd2dc548a475ed2ba62c19d306988.jpg,non_georges,0
f:\bifu\non_georges\fc1c22f8ddfbf4a4f2b36a38cbc9bc3a.jpg,non_georges,0
f:\bifu\non_georges\30146748a1e8d78f5625bd15fe84dc6e.jpg,non_georges,0
f:\bifu\non_georges\d74e9fb3db2edf8483d282dff60ad6f4.jpg,non_georges,0
f:\bifu\non_georges\aa25a9390f97e5f2d6bc4e011ac0fea5.jpg,non_georges,0
f:\bifu\non_georges\85b28b4ce96540f199dd93ff2f287b91.jpg,non_georges,0
f:\bifu\non_georges\9677bbbdf5f2e9600b5b2d292e851c32.jpg,non_georges,0
f:\bifu\non_georges\93db36ca638497acc996ba9f5ce001a6.jpg,non_georges,0
f:\bifu\non_georges\d5f6bd6ccfadbe4b044e31bead7c65e1.jpg,non_georges,0
f:\bifu\non_georges\a143ce72366c5ebd7b07964d3a2a102f.jpg,non_georges,0
f:\bifu\non_georges\ce9b37435a31bed1a480b73161586e25.jpg,non_georges,0
f:\bifu\non_georges\86a6dec7d7d8a28cca26f4314b6cb414.jpg,non_georges,0
f:\bifu\non_georges\bf093201933a97bd1f2bd8876e023e5a.jpg,non_georges,0
f:\bifu\non_georges\81f5029b7a84af9db8009fe1d646f15f.jpg,non_georges,0
f:\bifu\non_georges\e4aac481b6b459e15755f1ab7d716ef1.jpg,non_georges,0
f:\bifu\non_georges\efee3df327e85f7d642fbc0fd7df734b.jpg,non_georges,0
f:\bifu\non_georges\60c0536eb23534f849e16198b64a7e67.jpg,non_georges,0
f:\bifu\non_georges\bec5ed56bb9b0615154ea344eda45816.jpg,non_georges,0
f:\bifu\non_georges\a78c712542c1edd6a0a389ee8c5a07f6.jpg,non_georges,0
f:\bifu\non_georges\da0de3835b21b1ea9a0063e6e9a08097.jpg,non_georges,0
f:\bifu\non_georges\9ec7c917ae2a61c80b2da5e4c1c916fc.jpg,non_georges,0
f:\bifu\non_georges\7a90acd72ece31fbae996afb2ddeabfe.jpg,non_georges,0
f:\bifu\non_georges\06207e3a97f40cb073d1a3735b2c2cb4.jpg,non_georges,0
f:\bifu\non_georges\72d3831f71eab0dc83058d83154e7bc4.jpg,non_georges,0
f:\bifu\non_georges\7dc81b34364fa31e42fa42522725881c.jpg,non_georges,0
f:\bifu\non_georges\357ef3c816d8c8da741657749c74de0e.jpg,non_georges,0
f:\bifu\non_georges\d0621a808df7553cf4a91bbd1f272875.jpg,non_georges,0
f:\bifu\non_georges\108ad910cdfd7d8c677938e638baba6b.jpg,non_georges,0
f:\bifu\non_georges\db2d4b2b8fd83ac1f46daaeda2048b77.jpg,non_georges,0
f:\bifu\non_georges\a1e0f3efebba31cc7a851e77be8bae45.jpg,non_georges,0
f:\bifu\non_georges\c22f922f332a5e8e061a705ab854cd34.jpg,non_georges,0
f:\bifu\non_georges\3b92e2ad64403f6e644a7b72ffd1080f.jpg,non_georges,0
f:\bifu\non_georges\875f9661fa60e4cd0c7bba7732313b93.jpg,non_georges,0
f:\bifu\non_georges\3d70dda80bb82d744f963042f8e3c129.jpg,non_georges,0
f:\bifu\non_georges\268c8c647aea1119fdbe97a29812c3cd.jpg,non_georges,0
f:\bifu\non_georges\3b8779bbe85d2881de0f03df07ca0e30.jpg,non_georges,0
f:\bifu\non_georges\e001f64b936d8305a821173dbf2017c1.jpg,non_georges,0
f:\bifu\non_georges\3f08ae502cebac11a072cf8d68516443.jpg,non_georges,0
f:\bifu\non_georges\08113116abb1965be68f753b18337ecf.jpg,non_georges,0
f:\bifu\non_georges\424eb61452465cad46374add1fa397fa.jpg,non_georges,0
f:\bifu\non_georges\0440d28775f142a88c9615babf47432d.jpg,non_georges,0
f:\bifu\non_georges\bf8a06db889d0b957b386cbd2ecfc866.jpg,non_georges,0
f:\bifu\non_georges\478977ab5764bd1f16995f54259e6000.jpg,non_georges,0
f:\bifu\non_georges\2288890fccf37fa9b7c942cb1ed13ee5.jpg,non_georges,0
f:\bifu\non_georges\92934ece110356f24e2caa5eb0dc7f7a.jpg,non_georges,0
f:\bifu\non_georges\fe961c8d53c6e0d6b615610f514c0361.jpg,non_georges,0
f:\bifu\non_georges\1737a376044a61589a768ce8d120058c.jpg,non_georges,0
f:\bifu\non_georges\e1be3bf04148cd7a850f493fc4864fbb.jpg,non_georges,0
f:\bifu\non_georges\af907eb4309a683803c9b8a20d1f7d6f.jpg,non_georges,0
f:\bifu\non_georges\2c319213af67e52d01a6b5689865d627.jpg,non_georges,0
f:\bifu\non_georges\f66b119847daccb7df0ba98ff00aa1eb.jpg,non_georges,0
f:\bifu\non_georges\ddbcff467ff474d9ef1a1a2d08f75417.jpg,non_georges,0
f:\bifu\non_georges\7065df824866dcabf86b75de400bcbc4.jpg,non_georges,0
f:\bifu\non_georges\cd4cbda69aa79a5bd4db2c2680c7443a.jpg,non_georges,0
f:\bifu\non_georges\510cfee0719bb3be24ad2bb07acd966d.jpg,non_georges,0
f:\bifu\non_georges\7dce6c33c70e0d98fce4d7e248e7ac16.jpg,non_georges,0
f:\bifu\non_georges\79e7b7431c7d9d3c6ef051b77eecb430.jpg,non_georges,0
f:\bifu\non_georges\3b53e550514146f95f06b330a52e6882.jpg,non_georges,0
f:\bifu\non_georges\bf4d8ca613789ef48dc15820d0310c88.jpg,non_georges,0
f:\bifu\non_georges\648f367e56f907b76e4818605c597986.jpg,non_georges,0
f:\bifu\non_georges\07e1df436d2e626293b219aec8ec2f4f.jpg,non_georges,0
f:\bifu\non_georges\28a861ed22868db3c54e4e801ab67401.jpg,non_georges,0
f:\bifu\non_georges\f0dc7ea8bce812cf29494da4150b8bef.jpg,non_georges,0
f:\bifu\non_georges\bd33e42aaa0fd5be5ec634470803cd0c.jpg,non_georges,0
f:\bifu\non_georges\aa95609525a9127b0383a88dfbff9e1b.jpg,non_georges,0
f:\bifu\non_georges\196e79f8ce392b7ce4b04bbfa1f634a9.jpg,non_georges,0
f:\bifu\non_georges\42b103dba04cb9d7dc105948176c7cff.jpg,non_georges,0
f:\bifu\non_georges\52e39be9c37a80f052b9b07364b2f59a.jpg,non_georges,0
f:\bifu\non_georges\be43aa26e77a02c6aed77d3a909b8f16.jpg,non_georges,0
f:\bifu\non_georges\bfe81a1a032d4dab279c86316c81d3db.jpg,non_georges,0
f:\bifu\non_georges\2d6b83ada0b8d2f2e786723505cc8807.jpg,non_georges,0
f:\bifu\non_georges\9a6d5142245e9ae9a157d9f18297833b.jpg,non_georges,0
f:\bifu\non_georges\ed3aeb25ec2b271cffab0a6a5fa06e53.jpg,non_georges,0
f:\bifu\non_georges\e767e10ae4172be0937495e083854966.jpg,non_georges,0
f:\bifu\non_georges\7d2490bdb11e270126387133aab34927.jpg,non_georges,0
f:\bifu\non_georges\3a65eb224269e5f4b6d8a3c9227e0520.jpg,non_georges,0
f:\bifu\non_georges\7e66ac340267863a3853167a0a452d71.jpg,non_georges,0
f:\bifu\non_georges\7be96e55f2bb899bdb6603ef1537ec3f.jpg,non_georges,0
f:\bifu\non_georges\dc79e22774eff9cb096029f7cf2d0b90.jpg,non_georges,0
f:\bifu\non_georges\bde34528036c4f99b0069c249aae57f2.jpg,non_georges,0
f:\bifu\non_georges\dd071d5f4b39fb1d9289d23ec86acaa8.jpg,non_georges,0
f:\bifu\non_georges\266b4989c3b19b5f0f178b692f2588ab.jpg,non_georges,0
f:\bifu\non_georges\7c95d5e57f1b098417e8e1780077d472.jpg,non_georges,0
f:\bifu\non_georges\2dc74694093f2d06c6aa042369734385.jpg,non_georges,0
f:\bifu\non_georges\b942ba78f7bb0bc29f49a0f7b21ee4e9.jpg,non_georges,0
f:\bifu\non_georges\46ee138083736cef504641e959a87d42.jpg,non_georges,0
f:\bifu\non_georges\26e5fb3b6c7d446c65204855fb2c8ea2.jpg,non_georges,0
f:\bifu\non_georges\704e391ca0af06b78c662ddcd74e8d5d.jpg,non_georges,0
f:\bifu\non_georges\6a3d5310e04f6a91210c52899f2f449e.jpg,non_georges,0
f:\bifu\non_georges\3a1ecc5173798864185d19f2dc3dcee3.jpg,non_georges,0
f:\bifu\non_georges\8ebfe36371295517e8d6fd6a0e289181.jpg,non_georges,0
f:\bifu\non_georges\a46ca8e6140c82a0d01a9e933634eb6a.jpg,non_georges,0
f:\bifu\non_georges\f4cb0126db7b218e9dd140eb91286b8f.jpg,non_georges,0
f:\bifu\non_georges\d3bc2f5766f5b899f129aff7d3d8a8f1.jpg,non_georges,0
f:\bifu\non_georges\1a0fcf752c1ca02e71737b3588e2274f.jpg,non_georges,0
f:\bifu\non_georges\7c6b38e5fec5895437abb7e46f360cbe.jpg,non_georges,0
f:\bifu\non_georges\6c3d763bdb73c5639f830871836b6f5e.jpg,non_georges,0
f:\bifu\non_georges\d943ed7f19705610f2f9f3f1eb336df8.jpg,non_georges,0
f:\bifu\non_georges\b8b5b52ba2f036ba9f3ba6dd6b7567d0.jpg,non_georges,0
f:\bifu\non_georges\1877908cef33399475921a70326ecbd6.jpg,non_georges,0
f:\bifu\non_georges\8b3d8a73b96ed746f95e797b4ee69455.jpg,non_georges,0
f:\bifu\non_georges\b446bbf8e42f0f85de5c4cd28fbbb9f0.jpg,non_georges,0
f:\bifu\non_georges\14badf6f1143e875c79343461e409e08.jpg,non_georges,0
f:\bifu\non_georges\80b90e8ca644e57cfc0a7ded4933120d.jpg,non_georges,0
f:\bifu\non_georges\35b8f08eacc6201d92867c40baa4f23f.jpg,non_georges,0
f:\bifu\non_georges\873bbc855d4f085a35f415242bf011d0.jpg,non_georges,0
f:\bifu\non_georges\caf431a2e515116704ad48c3598e72d2.jpg,non_georges,0
f:\bifu\non_georges\a19aa77674730d5ebbd5f27c24274eee.jpg,non_georges,0
f:\bifu\non_georges\f88ef8eef455660162a1b0da3853a94b.jpg,non_georges,0
f:\bifu\non_georges\7aea6e39eebde36f0cdfb6b6541b343c.jpg,non_georges,0
f:\bifu\non_georges\e87961e914b2c17269214a8a5c194da3.jpg,non_georges,0
f:\bifu\non_georges\2f49d692d5fcf8e7320b65d70e03ca89.jpg,non_georges,0
f:\bifu\non_georges\db22712b03b11e0770318f1d0a50e4b0.jpg,non_georges,0
f:\bifu\non_georges\cf07a0733bb39abc7fe5e0200e1e9ca7.jpg,non_georges,0
f:\bifu\non_georges\84366083911dc1c9366a5b3eac7d9528.jpg,non_georges,0
f:\bifu\non_georges\c6625a632e8d3b026aef6e41c11c4a2d.jpg,non_georges,0
f:\bifu\non_georges\1e766a9351e1369ee22b4075c4254656.jpg,non_georges,0
f:\bifu\non_georges\eb3bb2ab35aa9dc498002344ce6ef4c3.jpg,non_georges,0
f:\bifu\non_georges\36de02b72af87708a8e8394aa2eacd64.jpg,non_georges,0
f:\bifu\non_georges\e107ee707dc21418aa07bceac7986116.jpg,non_georges,0
f:\bifu\non_georges\9efa4ffb45d168b89ccae8632c41525e.jpg,non_georges,0
f:\bifu\non_georges\d06343c03dd523bee16754ae3adbcb96.jpg,non_georges,0
f:\bifu\non_georges\39f74923b01afad09921007550ab9d83.jpg,non_georges,0
f:\bifu\non_georges\02999d5d465cc69811484daedd6a1b7a.jpg,non_georges,0
f:\bifu\non_georges\807c34333eb51435da54024b8796c1fb.jpg,non_georges,0
f:\bifu\non_georges\5032b61942bb606d1b116538ff197630.jpg,non_georges,0
f:\bifu\non_georges\fd47d9f5335a8818f69150bf9e9ea883.jpg,non_georges,0
f:\bifu\non_georges\6971fcf48485b9c90f03c0de2cccbb56.jpg,non_georges,0
f:\bifu\non_georges\ab4e1a69f98e94cfee170668afab42af.jpg,non_georges,0
f:\bifu\non_georges\0f5eb23530e1329190a56806417b95f8.jpg,non_georges,0
f:\bifu\non_georges\f38a4795cac43c9d25bc9c0333a386a4.jpg,non_georges,0
f:\bifu\non_georges\6b4ed942a8f498d38fcbb924d3158423.jpg,non_georges,0
f:\bifu\non_georges\e7a974b0fc848dc69a27014bb2dc9aec.jpg,non_georges,0
f:\bifu\non_georges\8a26819c91a7f602c55c19619ed49886.jpg,non_georges,0
f:\bifu\non_georges\8efb28ba2afc21e03b54ac58d7de3b23.jpg,non_georges,0
f:\bifu\non_georges\143a66eb8e8cb46921d78f73d6b7a387.jpg,non_georges,0
f:\bifu\non_georges\9af5ca34780ca71166201f67668432ea.jpg,non_georges,0
f:\bifu\non_georges\bbc4fd7634586ec9f7dc5732c7f356ab.jpg,non_georges,0
f:\bifu\non_georges\3ba4dda1731e18c6b358ce2ce7f6560a.jpg,non_georges,0
f:\bifu\non_georges\829b8fc28fa33c237577a4f8e8ce869d.jpg,non_georges,0
f:\bifu\non_georges\e6eab58b630d4563849a2c2716769cc7.jpg,non_georges,0
f:\bifu\non_georges\89bd6e92f943db847d282fc817a84ca0.jpg,non_georges,0
f:\bifu\non_georges\ea7eee7694c5bd82d9a50c2d0d1771db.jpg,non_georges,0
f:\bifu\non_georges\5d53897758d537243375ff30b9d55e60.jpg,non_georges,0
f:\bifu\non_georges\834aa171c40e5a5aa47cd27000716645.jpg,non_georges,0
f:\bifu\non_georges\3e4f5dca3a5ef1f2fb64eaa3d3927e51.jpg,non_georges,0
f:\bifu\non_georges\d92f83d94557fd2905e8fa854be04a09.jpg,non_georges,0
f:\bifu\non_georges\6d45304230211c6c9bf80ded51d5fdcf.jpg,non_georges,0
f:\bifu\non_georges\f5d2c56393a6bcc3ce4b4343483a805d.jpg,non_georges,0
f:\bifu\non_georges\a1f60f65ca61f9eb380af1a472b57ba4.jpg,non_georges,0
f:\bifu\non_georges\37e7ee9dab0d30983ddeb3c4f91ad1dc.jpg,non_georges,0
f:\bifu\non_georges\1648e06560b567ab86457a75f76de18f.jpg,non_georges,0
f:\bifu\non_georges\b1aa257aec832b0433cdf36acd8640e7.jpg,non_georges,0
f:\bifu\non_georges\5b4f180c7005fbe309b52d8626376af2.jpg,non_georges,0
f:\bifu\non_georges\0ca7e00cd78e36f377f5aed6cce62b46.jpg,non_georges,0
f:\bifu\non_georges\7f1492f95c565ed351d7f9a359a4b1cb.jpg,non_georges,0
f:\bifu\non_georges\b88fbd375744b5c6f9cb3c376f7cc1f8.jpg,non_georges,0
f:\bifu\non_georges\5e74cb58149ac51c270f9612f40a63a9.jpg,non_georges,0
f:\bifu\non_georges\8c8a00c6a4346be2eb61a74aea61472e.jpg,non_georges,0
f:\bifu\non_georges\f604f3ae143ef0f29eca29a2be6c4fd5.jpg,non_georges,0
f:\bifu\non_georges\28f18abc5d5c40aa9ed8e956c8c78138.jpg,non_georges,0
f:\bifu\non_georges\2dad0069435274eb3be3e7025e7dfbd7.jpg,non_georges,0
f:\bifu\non_georges\da9423d88c5208c1ddf531e512414ce6.jpg,non_georges,0
f:\bifu\non_georges\c493d352c19f3335f6a3d0084d1f1689.jpg,non_georges,0
f:\bifu\non_georges\c2341e210b8d1b0c03443db3e628b586.jpg,non_georges,0
f:\bifu\non_georges\0fa61ec4ae42585624563952aec8aa6b.jpg,non_georges,0
f:\bifu\non_georges\d0aec1e93a38173f3e5395454bcd1ef1.jpg,non_georges,0
f:\bifu\non_georges\b6625a9d2ddece6b556593aeda622231.jpg,non_georges,0
f:\bifu\non_georges\357a382d7e37cdd51f2ffff63544d1f9.jpg,non_georges,0
f:\bifu\non_georges\651802661e3d74ae29e09789b46fcfa3.jpg,non_georges,0
f:\bifu\non_georges\bdf484f7b63a1e754c5cf91f2ab6f2b9.jpg,non_georges,0
f:\bifu\non_georges\f3f0e93494dc7a44c2785235b74f2afc.jpg,non_georges,0
f:\bifu\non_georges\5dc7608be0982d6cbfa436667e30c52a.jpg,non_georges,0
f:\bifu\non_georges\6a7a4fb71629d9bb8de93f42fa50589a.jpg,non_georges,0
f:\bifu\non_georges\35ed9d3dd642b2687e263a9fd32a99ff.jpg,non_georges,0
f:\bifu\non_georges\414a073fa3eb20f7a4aab00fd0dec590.jpg,non_georges,0
f:\bifu\non_georges\3db631dbd3278c888544ace906b14f83.jpg,non_georges,0
f:\bifu\non_georges\2da9f1aefea1af1eedb1c30d2f065418.jpg,non_georges,0
f:\bifu\non_georges\e321cb902337ae8a19bb294b10da96de.jpg,non_georges,0
f:\bifu\non_georges\3a16c02f9db6c5925942ac0ce09ebcb3.jpg,non_georges,0
f:\bifu\non_georges\18c318475492e8cad1cc9f46c8d5417e.jpg,non_georges,0
f:\bifu\non_georges\5ff8578534dd3d3407221b7e5ae3f8ab.jpg,non_georges,0
f:\bifu\non_georges\5239dc9afa5135cd547b5be06ae815d9.jpg,non_georges,0
f:\bifu\non_georges\ff3dcdcf5f82cafcbd7c95ac4b76e1c1.jpg,non_georges,0
f:\bifu\non_georges\f8309b26893038efbf95dfde87f4a8b3.jpg,non_georges,0
f:\bifu\non_georges\d11b52ff977a10647b7982e05d6f7b62.jpg,non_georges,0
f:\bifu\non_georges\6e8bd334847b551f8512fdbd60e034db.jpg,non_georges,0
f:\bifu\non_georges\286a3e84339759ab368f611d918b6399.jpg,non_georges,0
f:\bifu\non_georges\ccdcb9d2c8df85eea8d848a0db68c9a0.jpg,non_georges,0
f:\bifu\non_georges\1b8531d4a6fe989d09e2e48300f83ff7.jpg,non_georges,0
f:\bifu\non_georges\64fa1bf7aad573493c986a344a6d4889.jpg,non_georges,0
f:\bifu\non_georges\c73b3bc79426ac8cc91787ccbce6de67.jpg,non_georges,0
f:\bifu\non_georges\0d85a02ebdcdbbe11490ce6cc3cf2ede.jpg,non_georges,0
f:\bifu\non_georges\6f47c45bd985ed0d2c67c3f00af783f0.jpg,non_georges,0
f:\bifu\non_georges\37191e623d60fb11ac45a7145639459d.jpg,non_georges,0
f:\bifu\non_georges\b13f9746289b128f28500582d68eda48.jpg,non_georges,0
f:\bifu\non_georges\478701f1b58bca07abe0e783ea12ea07.jpg,non_georges,0
f:\bifu\non_georges\08fb73851b6c0bacbfed0599850a9fa0.jpg,non_georges,0
f:\bifu\non_georges\a28f4b4884b3dd898e626ff98c6aa5c5.jpg,non_georges,0
f:\bifu\non_georges\a3f82dcbc73f4767d7a82fb7e45f2462.jpg,non_georges,0
f:\bifu\non_georges\ec54e43c4d0272b76a53601507544ecc.jpg,non_georges,0
f:\bifu\non_georges\bbf2f589cf3814f78bda8084dc67478f.jpg,non_georges,0
f:\bifu\non_georges\b2df04534647e22e8e8480526aa861d3.jpg,non_georges,0
f:\bifu\non_georges\1dfa64a3e62c52f1b0d6adde06dbde39.jpg,non_georges,0
f:\bifu\non_georges\65b553586095b1bb44fc63bb46fc5033.jpg,non_georges,0
f:\bifu\non_georges\cf02a4571a984a3cb09921dbdf690adc.jpg,non_georges,0
f:\bifu\non_georges\478511cc713478c07a2d0b91e1d19176.jpg,non_georges,0
f:\bifu\non_georges\b476afe683d67fd3bb419f815539c627.jpg,non_georges,0
f:\bifu\non_georges\8f9b43c3ac038946e71964ba4ac5177e.jpg,non_georges,0
f:\bifu\non_georges\b4e7820acecdbecbd08d05b58290232f.jpg,non_georges,0
f:\bifu\non_georges\5aeb4ca18588d8da7404ed738ceeb4d9.jpg,non_georges,0
f:\bifu\non_georges\ce72f70997285d5f172439246b66a816.jpg,non_georges,0
f:\bifu\non_georges\fb36d7f5f80dc8d482aa9319f98f90b9.jpg,non_georges,0
f:\bifu\non_georges\4fc24b16239426008c1e791ffcef7d66.jpg,non_georges,0
f:\bifu\non_georges\5d3005a7149e26bebe6662739af7a75f.jpg,non_georges,0
f:\bifu\non_georges\96df5d4923140ed213bd9afa009cadad.jpg,non_georges,0
f:\bifu\non_georges\0e9b17dbb971a27c669de2b8e6520a10.jpg,non_georges,0
f:\bifu\non_georges\b4a3d4166e94902f7ea28825b8ee8eb6.jpg,non_georges,0
f:\bifu\non_georges\0c22538beb0bd4bb99501206db532617.jpg,non_georges,0
f:\bifu\non_georges\2e4e741c68d8183e8fc08d20ec6e4791.jpg,non_georges,0
f:\bifu\non_georges\c5623384134b092a6b9290cdffa7ab69.jpg,non_georges,0
f:\bifu\non_georges\084ef6acbd1a5091517e29941e857f83.jpg,non_georges,0
f:\bifu\non_georges\061e004fdbe8f83a8aaf8394123f1a5f.jpg,non_georges,0
f:\bifu\non_georges\97958297d0a5425b08c7fce530527b03.jpg,non_georges,0
f:\bifu\non_georges\49427ca4d5ec0a8901eb72f64bfaf868.jpg,non_georges,0
f:\bifu\non_georges\e8679c605cdfcb8ad75ecad986a5b115.jpg,non_georges,0
f:\bifu\non_georges\ac185dad69348f226674c20e93e958c8.jpg,non_georges,0
f:\bifu\non_georges\8d51b2c810863b117fdee37cab514e83.jpg,non_georges,0
f:\bifu\non_georges\8d70bf67ba72609a557ecaff6a7c50dc.jpg,non_georges,0
f:\bifu\non_georges\08425206d518a0ec1ef2d40f61e8298c.jpg,non_georges,0
f:\bifu\non_georges\a4c262a1feb046e5b3f44bccf48503c1.jpg,non_georges,0
f:\bifu\non_georges\2cb4aa8a4e3d850ca7fd577119d3e1c5.jpg,non_georges,0
f:\bifu\non_georges\30629669c6bc66d6726b497205eec421.jpg,non_georges,0
f:\bifu\non_georges\631f312cf3166d6cb9dc9d5758975fb9.jpg,non_georges,0
f:\bifu\non_georges\d6b5ff0a2182696867db52f91ac48325.jpg,non_georges,0
f:\bifu\non_georges\cefe834e6f3d3f9691e89488487a0304.jpg,non_georges,0
f:\bifu\non_georges\0a289ab613df7428f822da3bfefcb0aa.jpg,non_georges,0
f:\bifu\non_georges\4653afd1173ef8ca7b2630ebbde28a76.jpg,non_georges,0
f:\bifu\non_georges\181e1b8da2ce0abb2a6686f7fb4b7083.jpg,non_georges,0
f:\bifu\non_georges\efa5f07dc81a93c9df938d7964439267.jpg,non_georges,0
f:\bifu\non_georges\f99a7ff032a8c0b834275386cdccc985.jpg,non_georges,0
f:\bifu\non_georges\e205893082940b956703112fc1508a87.jpg,non_georges,0
f:\bifu\non_georges\6200ab99a359a30f8cb682053601df04.jpg,non_georges,0
f:\bifu\non_georges\638bbf49014f9a1f36b7724048b58d6a.jpg,non_georges,0
f:\bifu\non_georges\8ae9cf33ded718733a8c8ad2b17aaf6f.jpg,non_georges,0
f:\bifu\non_georges\9c2cb117cadfb7bc8b91d332705effc4.jpg,non_georges,0
f:\bifu\non_georges\d6989846aa58ad52d29653b91d2460a4.jpg,non_georges,0
f:\bifu\non_georges\4759bd673742f373c3c0e49a9cb143dd.jpg,non_georges,0
f:\bifu\non_georges\5acedca4075964795ea4caf7b3f20999.jpg,non_georges,0
f:\bifu\non_georges\fd8ea8f60f66a2e88aa74e9dddb216fd.jpg,non_georges,0
f:\bifu\non_georges\e0e4888daf80b8b915a0f197a0344951.jpg,non_georges,0
f:\bifu\non_georges\8e67892bb4cc0ab5b18a48e2cbb22bb8.jpg,non_georges,0
f:\bifu\non_georges\499a895b315c81e9749eabc7cfda19c2.jpg,non_georges,0
f:\bifu\non_georges\4d8299740dd300268baf7d8d8445c7aa.jpg,non_georges,0
f:\bifu\non_georges\e40ac7f16a2beb038feaa17f9017c1ca.jpg,non_georges,0
f:\bifu\non_georges\78ba18f51a5e95a54a2dab2327812c78.jpg,non_georges,0
f:\bifu\non_georges\1c3ef51af6fc1bad0684d92d2e10ba4b.jpg,non_georges,0
f:\bifu\non_georges\0bece9d4e07ffc8633bf0275c64cffd1.jpg,non_georges,0
f:\bifu\non_georges\66368c1af0458d23dd8705a05e3f3cea.jpg,non_georges,0
f:\bifu\non_georges\f8987e56a7f4deb659cb99a113f3b43c.jpg,non_georges,0
f:\bifu\non_georges\c2e06d87d1d750dc620756174459fd2d.jpg,non_georges,0
f:\bifu\non_georges\1853945ac79c1f871658bf86690e3b6d.jpg,non_georges,0
f:\bifu\non_georges\5e729e15da5ddea80f47ebb6927ea540.jpg,non_georges,0
f:\bifu\non_georges\1bbe52a3ec75fdf267db3ee956b91dbe.jpg,non_georges,0
f:\bifu\non_georges\1f45299603b7f40537d5163ca583def1.jpg,non_georges,0
f:\bifu\non_georges\29ac6f4a764564ba0d20ce0d41a40c3d.jpg,non_georges,0
f:\bifu\non_georges\17032a39d5ed12d7267093ea4e071ebc.jpg,non_georges,0
f:\bifu\non_georges\caf3aece033e67843590f679e36b80d7.jpg,non_georges,0
f:\bifu\non_georges\26a614b09840f27c8b2b0b394dcadd46.jpg,non_georges,0
f:\bifu\non_georges\9a6edeb1fa66b0ea1a8a9acc3c5a7c0b.jpg,non_georges,0
f:\bifu\non_georges\64ce99d5fcfb3dfafac54f6c6e89c8e3.jpg,non_georges,0
f:\bifu\non_georges\96838568780b71af79c07a84a90e2ebf.jpg,non_georges,0
f:\bifu\non_georges\f586249b3793b8de29c0ff512fc303bf.jpg,non_georges,0
f:\bifu\non_georges\37e424f1812613940c7b855d7c19ce3e.jpg,non_georges,0
f:\bifu\non_georges\793c5247027508903dcca1af48c8c01b.jpg,non_georges,0
f:\bifu\non_georges\a3eba47ec722f0af724d51e1a8d6d871.jpg,non_georges,0
f:\bifu\non_georges\507e79fe409cadd71dc84407a72d299c.jpg,non_georges,0
f:\bifu\non_georges\892fa4d2dc0271998b3430a87ab23f27.jpg,non_georges,0
f:\bifu\non_georges\d3ea2b6cb3cf49b2bffbaa9a17820d3d.jpg,non_georges,0
f:\bifu\non_georges\89586e6ef11514563f24593f4c1a20fb.jpg,non_georges,0
f:\bifu\non_georges\a5f6cf58717ef5dc854282267e52e673.jpg,non_georges,0
f:\bifu\non_georges\f82b751da5ae3af14fb5b1fa2759b74e.jpg,non_georges,0
f:\bifu\non_georges\1a9df63a0f73b49991eb169c0ec0575e.jpg,non_georges,0
f:\bifu\non_georges\ea0e3ba00067a7ddb50672cb7e652d73.jpg,non_georges,0
f:\bifu\non_georges\352091cd3115d590241a738a3c6d5dd0.jpg,non_georges,0
f:\bifu\non_georges\96ef0d549eab98c42929a6572fabdaf8.jpg,non_georges,0
f:\bifu\non_georges\e4e6319c3909bf3acdeec5eb98e548d1.jpg,non_georges,0
f:\bifu\non_georges\a5221094d93964b9991c85950662736a.jpg,non_georges,0
f:\bifu\non_georges\318b7dc79bc525e61d950ffe88960e34.jpg,non_georges,0
f:\bifu\non_georges\e4dbb0a888c168f0e02f30c27b993d09.jpg,non_georges,0
f:\bifu\non_georges\f51c4977522527e60e3d2eb8f2b2bf55.jpg,non_georges,0
f:\bifu\non_georges\d7c3b354a12d72aa608db82a0c501fa6.jpg,non_georges,0
f:\bifu\non_georges\ef526c659be85bf224b9a2599b452fa4.jpg,non_georges,0
f:\bifu\non_georges\5c20c45fc50a07b11aba0be65a4d7321.jpg,non_georges,0
f:\bifu\non_georges\c703bb7b3f4fcb17be43f25afc6a0e22.jpg,non_georges,0
f:\bifu\non_georges\9c794078c2ae2b18a13cd1fa2305bad9.jpg,non_georges,0
f:\bifu\non_georges\115293e48251844b1b5352fe93838468.jpg,non_georges,0
f:\bifu\non_georges\46139ad6efddd945ffce08e5dd8b35da.jpg,non_georges,0
f:\bifu\non_georges\df731e2c4af928041859900a0e460d2c.jpg,non_georges,0
f:\bifu\non_georges\97df1af6506bc64d11f1948d3f8199e6.jpg,non_georges,0
f:\bifu\non_georges\6bf041824830b110df3268aa351a88ed.jpg,non_georges,0
f:\bifu\non_georges\a415f836b9bb4864300ee5d0d819327b.jpg,non_georges,0
f:\bifu\non_georges\876cd3ace77e56c5cdf2356c74cb0337.jpg,non_georges,0
f:\bifu\non_georges\bb8148ac390a5e95a557512f53ae8965.jpg,non_georges,0
f:\bifu\non_georges\1b470efddb0752cc934378814129d4f4.jpg,non_georges,0
f:\bifu\non_georges\93b8f23f5cde9876ca135422fd654580.jpg,non_georges,0
f:\bifu\non_georges\02eb6f32f0491c1bd7cb779511cf7fe9.jpg,non_georges,0
f:\bifu\non_georges\40b4550177cd1bef8e295d8f1b907ec0.jpg,non_georges,0
f:\bifu\non_georges\fd65bb679b7975ab73867d62fba2e991.jpg,non_georges,0
f:\bifu\non_georges\bee5974e29c49d6e0eb0e8c9b018c53f.jpg,non_georges,0
f:\bifu\non_georges\42a654d4bbb4c18c5ca20f477cd035e5.jpg,non_georges,0
f:\bifu\non_georges\64660b8bde45ea233eedea7dfa177b81.jpg,non_georges,0
f:\bifu\non_georges\e203ffcac34048e39caa571244b60ba0.jpg,non_georges,0
f:\bifu\non_georges\40adfcbe386d3273e022d87c1c399e78.jpg,non_georges,0
f:\bifu\non_georges\59f99e69a2ac3b5abc7b271aaf4b1e85.jpg,non_georges,0
f:\bifu\non_georges\452308fdef2b11b747eb712f09507d32.jpg,non_georges,0
f:\bifu\non_georges\b0f09cc6baffc34d7205fcccc5d62f6b.jpg,non_georges,0
f:\bifu\non_georges\ddeabf013b616fa07e2fe996b59f8a67.jpg,non_georges,0
f:\bifu\non_georges\0c5a01c4e7ad28ee62ec0a9b95f9a743.jpg,non_georges,0
f:\bifu\non_georges\492424a3e3ad843d0f056e0447a40360.jpg,non_georges,0
f:\bifu\non_georges\a5ef690fda2e973b9327540bba2df4e7.jpg,non_georges,0
f:\bifu\non_georges\45ffe54c156314ae35e3aedb1bc1dc31.jpg,non_georges,0
f:\bifu\non_georges\eda68eef7d346188df26851097a0bee0.jpg,non_georges,0
f:\bifu\non_georges\d02cd26a99645a6f6ba812b962b5e6f3.jpg,non_georges,0
f:\bifu\non_georges\3f38d53be2f7cf5a1b017dfc5624458c.jpg,non_georges,0
f:\bifu\non_georges\a8e6540902884b38cd3477195d4eb86b.jpg,non_georges,0
f:\bifu\non_georges\dc380382615ca390e7192090a0a9160c.jpg,non_georges,0
f:\bifu\non_georges\7d6101492b5e4ad34353b51df57cc9ee.jpg,non_georges,0
f:\bifu\non_georges\688d0a99363f9ec53c10c94c3e341563.jpg,non_georges,0
f:\bifu\non_georges\816150e638d86a0e4d1ff6f7f6305250.jpg,non_georges,0
f:\bifu\non_georges\57f7d4123387a92e8ba67086247b465d.jpg,non_georges,0
f:\bifu\non_georges\a5529da1dc9de03107071eb4b6b14af4.jpg,non_georges,0
f:\bifu\non_georges\a2a8434b9d971883dd806389705260f9.jpg,non_georges,0
f:\bifu\non_georges\f72afb1ab869c507f46ac9a1eee3c1da.jpg,non_georges,0
f:\bifu\non_georges\538e6c3bbbc8ce67cfcf1129f52198ab.jpg,non_georges,0
f:\bifu\non_georges\a40d50810aab2f31d8a4633bf1cddbea.jpg,non_georges,0
f:\bifu\non_georges\148a6f6ee0ffb67de133ede58de00e4e.jpg,non_georges,0
f:\bifu\non_georges\1bf90d00a03d7a6c11657d09eb8e3039.jpg,non_georges,0
f:\bifu\non_georges\92ce484537f1d32bf15202589d8886ae.jpg,non_georges,0
f:\bifu\non_georges\eec6a87777a3b3e2af699d7520816df2.jpg,non_georges,0
f:\bifu\non_georges\ffb87ea0398b071ff4009ff5752bbfc4.jpg,non_georges,0
f:\bifu\non_georges\8491070bb87101ad93091e1cc97242fb.jpg,non_georges,0
f:\bifu\non_georges\131215799e1fa9c70e5526c5a48f3970.jpg,non_georges,0
f:\bifu\non_georges\346e157eeb1bbc58cd93dcbf4769c551.jpg,non_georges,0
f:\bifu\non_georges\affde907ec3b078897b305216aa94937.jpg,non_georges,0
f:\bifu\non_georges\299f40ea1e463feb26ac41345bf63418.jpg,non_georges,0
f:\bifu\non_georges\77829aaf400254e55e3a8d640548bc1a.jpg,non_georges,0
f:\bifu\non_georges\c83393ac2325d62c0ed5e529f0402e62.jpg,non_georges,0
f:\bifu\non_georges\8b17a578dfdfcea0897b2db0befd70c3.jpg,non_georges,0
f:\bifu\non_georges\c38ed1c837039200b8931a8af44aa35c.jpg,non_georges,0
f:\bifu\non_georges\962c44cd7c2e7a1970f4b8868c807b00.jpg,non_georges,0
f:\bifu\non_georges\fc7e7f90342254eff0435ef488aa1dc9.jpg,non_georges,0
f:\bifu\non_georges\010f5d0264b87aefbb71dd000f7063cd.jpg,non_georges,0
f:\bifu\non_georges\082d107513c1c537a63a935b87e5057a.jpg,non_georges,0
f:\bifu\non_georges\5e21e5004b202f49c3e465c0d2361bbc.jpg,non_georges,0
f:\bifu\non_georges\3ee62ad180bc7898b88fb6e61630de4a.jpg,non_georges,0
f:\bifu\non_georges\22452059c6901ed1cfe7aba97b55bace.jpg,non_georges,0
f:\bifu\non_georges\06d981673efd843950bd69098f9b377d.jpg,non_georges,0
f:\bifu\non_georges\3142aa7f121d414942360ddc0341024c.jpg,non_georges,0
f:\bifu\non_georges\fb2af483bcabffa24876215af0247d1b.jpg,non_georges,0
f:\bifu\non_georges\52c2da061e0dc164aaf5e95cc95a78ba.jpg,non_georges,0
f:\bifu\non_georges\f51f8465800e9938141ef0528fa36159.jpg,non_georges,0
f:\bifu\non_georges\5cf376f8cbcdbe79e22e54e83501d47f.jpg,non_georges,0
f:\bifu\non_georges\e99a2eee960ab87d8aae9c88eda74be3.jpg,non_georges,0
f:\bifu\non_georges\6a57d7dc6040337e7a087e3dd73aa560.jpg,non_georges,0
f:\bifu\non_georges\2daa7460d9ca0cd75c8f282134d20d62.jpg,non_georges,0
f:\bifu\non_georges\12012d068240f59ed7252c36a89b3777.jpg,non_georges,0
f:\bifu\non_georges\92038e116eb6feaebf65498085f436bc.jpg,non_georges,0
f:\bifu\non_georges\375d9b7444ea11ef2733cfc38b226d09.jpg,non_georges,0
f:\bifu\non_georges\123242900e0604fc60cca4dd97887336.jpg,non_georges,0
f:\bifu\non_georges\c6de1a9eabc4606cb4d5924fea1a8d5c.jpg,non_georges,0
f:\bifu\non_georges\75f27a9dd95baddd62503b4881880981.jpg,non_georges,0
f:\bifu\non_georges\21c1d85607f354a3491bc5d5f35e7521.jpg,non_georges,0
f:\bifu\non_georges\e8b51534ed7b17a3f22c221249fb5673.jpg,non_georges,0
f:\bifu\non_georges\42368b9c99f889bc9b86201f38e72662.jpg,non_georges,0
f:\bifu\non_georges\46b6fb5111cbf949d8dabba982dbbbc9.jpg,non_georges,0
f:\bifu\non_georges\5fafb0fd28fb54a86c86219cb1da1691.jpg,non_georges,0
f:\bifu\non_georges\c551ac5dd7a07cf0fb28e15d684d1d6f.jpg,non_georges,0
f:\bifu\non_georges\c09a31a3bdd818c5b35bfa895ed6da53.jpg,non_georges,0
f:\bifu\non_georges\cd88b75cf88b0169d52579656b52586a.jpg,non_georges,0
f:\bifu\non_georges\d7ca7a50bd216cbd094cdf674c480627.jpg,non_georges,0
f:\bifu\non_georges\2c2d56809c8171cf5381c891297bf876.jpg,non_georges,0
f:\bifu\non_georges\0ca96b24d593b1b19adff7cfc3ca1fd5.jpg,non_georges,0
f:\bifu\non_georges\69db8f5959ea3df77fdf7e3eb1ceef9d.jpg,non_georges,0
f:\bifu\non_georges\dbc49710e351e927b0e169d1a35b3fe3.jpg,non_georges,0
f:\bifu\non_georges\a3caea261bfbb3f5ace12cccc2bcf4f5.jpg,non_georges,0
f:\bifu\non_georges\ac06e6fb124b71b1380b18b0ff32478c.jpg,non_georges,0
f:\bifu\non_georges\8e965776ca72079677ab124d21cc2c58.jpg,non_georges,0
f:\bifu\non_georges\18a1dadd5e31e0e4e92816e3654216fc.jpg,non_georges,0
f:\bifu\non_georges\b0d48152146c7e0a4a10a45d23b10997.jpg,non_georges,0
f:\bifu\non_georges\0da7ee8ea4dc4866b99cb6c32de8052a.jpg,non_georges,0
f:\bifu\non_georges\5d69789de6131c89ec1007542ff123b0.jpg,non_georges,0
f:\bifu\non_georges\d23e007803b86c81624e6b8c703398b4.jpg,non_georges,0
f:\bifu\non_georges\7944dfed04af79185c74e7cf6134dbf7.jpg,non_georges,0
f:\bifu\non_georges\33c34065cf5edc54715d8a2b7fbd847c.jpg,non_georges,0
f:\bifu\non_georges\70b20778444040cbbb764dcd78f0f30e.jpg,non_georges,0
f:\bifu\non_georges\319e05fd01a13e177b4114f5cc2d83a6.jpg,non_georges,0
f:\bifu\non_georges\3ad3cb1d63934229627ea6d5ba9bbddb.jpg,non_georges,0
f:\bifu\non_georges\f13de338b505a3c2ccb607b93db96d4c.jpg,non_georges,0
f:\bifu\non_georges\367cec003e79f823e18345a72f42c863.jpg,non_georges,0
f:\bifu\non_georges\b7ce4a1644e2a503052addb5ceceb9cf.jpg,non_georges,0
f:\bifu\non_georges\42bbe25a5b20bbf28e7a4bb0ce47f57c.jpg,non_georges,0
f:\bifu\non_georges\3ba3103f73e010a390ab77c7e79df75f.jpg,non_georges,0
f:\bifu\non_georges\cd6ef8629eca792a77fdda1785b9899a.jpg,non_georges,0
f:\bifu\non_georges\c8c5a1ed580a52fd706f132e3f7637ce.jpg,non_georges,0
f:\bifu\non_georges\74e5e9c1da7308096b4014cfd60a3683.jpg,non_georges,0
f:\bifu\non_georges\9d6e8dda3189b73e088d10c2dc2a6680.jpg,non_georges,0
f:\bifu\non_georges\aa3f462f37b1ae4233e89ac4d5673534.jpg,non_georges,0
f:\bifu\non_georges\9424e0916689738e2fa0771a4d73e112.jpg,non_georges,0
f:\bifu\non_georges\9f384acabe3f3cdb0ecaa0778b073b62.jpg,non_georges,0
f:\bifu\non_georges\ec5cea4c459be8c3bd347d13d85e664e.jpg,non_georges,0
f:\bifu\non_georges\0a869d67deaaa70385fae7f70b92a557.jpg,non_georges,0
f:\bifu\non_georges\3fe00f18669252ddecc4d1ef515fa3a3.jpg,non_georges,0
f:\bifu\non_georges\66c246b6abbd40500a1e7d6cbe69af19.jpg,non_georges,0
f:\bifu\non_georges\bd25d3feee4b60d1a8d7955ee6730191.jpg,non_georges,0
f:\bifu\non_georges\16974e285ca8397d42377f755d7c34f1.jpg,non_georges,0
f:\bifu\non_georges\a0303744ddb2a11cfa27d7019e683361.jpg,non_georges,0
f:\bifu\non_georges\1cb9e3c281730be95fc4c159229f515a.jpg,non_georges,0
f:\bifu\non_georges\00de0a9376add24248ade9a0364b771d.jpg,non_georges,0
f:\bifu\non_georges\383217e72d8ee5fce5be0061c6516ee8.jpg,non_georges,0
f:\bifu\non_georges\d2c42fcc8c17fce46098b2e0b681263b.jpg,non_georges,0
f:\bifu\non_georges\fad4a6d48535d5b6a2a1c2518c65c2af.jpg,non_georges,0
f:\bifu\non_georges\8b7ebd40d01476361ea1a6518e2e9380.jpg,non_georges,0
f:\bifu\non_georges\6dc2c02adb8db5bf3dab524ab3e01f9a.jpg,non_georges,0
f:\bifu\non_georges\ad8d7e595decbd0908ccd89ba72d7173.jpg,non_georges,0
f:\bifu\non_georges\a2026641afa3b66af7a1094c3ba24412.jpg,non_georges,0
f:\bifu\non_georges\04a32f21e260d9323e7351919317723a.jpg,non_georges,0
f:\bifu\non_georges\2b41a3543b19578bd3b8497d386cad9b.jpg,non_georges,0
f:\bifu\non_georges\6c50c7dcb16197ce57013d87c428e437.jpg,non_georges,0
f:\bifu\non_georges\80f85eef4f7392ce6d3a2c112043634e.jpg,non_georges,0
f:\bifu\non_georges\66c53a0b66c5ff7104e456549e027bf4.jpg,non_georges,0
f:\bifu\non_georges\5ff587cf4daf7af4d0731ff99b8c48c9.jpg,non_georges,0
f:\bifu\non_georges\041752e6e2a5cc537a5e220e56f06976.jpg,non_georges,0
f:\bifu\non_georges\e9113ad5295efb56ce0c53f2fbd0900d.jpg,non_georges,0
f:\bifu\non_georges\64bcb4197d996c59b3095ddc6b6ebaa9.jpg,non_georges,0
f:\bifu\non_georges\f9424b588edde942e0ef60fc2d366aaa.jpg,non_georges,0
f:\bifu\non_georges\6083325b40e9a1c5f6026c3b5c84c41f.jpg,non_georges,0
f:\bifu\non_georges\61d0ca7c3261d93a1d11f0624493a0a1.jpg,non_georges,0
f:\bifu\non_georges\7f18a511a7dafe1f233bc153b9a3fb65.jpg,non_georges,0
f:\bifu\non_georges\fba56c74ce728dd17791d85489189fec.jpg,non_georges,0
f:\bifu\non_georges\582e96d05f4e9443e48784e26465bf78.jpg,non_georges,0
f:\bifu\non_georges\839e48f9adec9bbd04fc2de7ab98e0ba.jpg,non_georges,0
f:\bifu\non_georges\45111aabeedef18243caa2a97419d769.jpg,non_georges,0
f:\bifu\non_georges\e4f1bc2285148cef7ea1073015ec8803.jpg,non_georges,0
f:\bifu\non_georges\23b8cd463a8fc8f79aecc05023dcb173.jpg,non_georges,0
f:\bifu\non_georges\d3f9e2934b142b40792429177190be96.jpg,non_georges,0
f:\bifu\non_georges\2d2d6e5f9e5636b2dce8b6ee872f4620.jpg,non_georges,0
f:\bifu\non_georges\ab4e1fe2be529cf6994cb0074b3aa1d8.jpg,non_georges,0
f:\bifu\non_georges\124a0ad815d2c7bd7d4606afafb8636c.jpg,non_georges,0
f:\bifu\non_georges\3a5026c376ea16e3ccb836b5ecc3243e.jpg,non_georges,0
f:\bifu\non_georges\8f3d1802048814d1854ca43c973a19df.jpg,non_georges,0
f:\bifu\non_georges\fd0b44897067dfc286cbf550a4bada3b.jpg,non_georges,0
f:\bifu\non_georges\a748bc837bbcc39c580c4be73878f78f.jpg,non_georges,0
f:\bifu\non_georges\958e74a5b67cea8f38c25018047d67bc.jpg,non_georges,0
f:\bifu\non_georges\e62f65b80265c6e158030eddaf408577.jpg,non_georges,0
f:\bifu\non_georges\232752c7d676797f2c7e1253cfe7777d.jpg,non_georges,0
f:\bifu\non_georges\4c7604dc09afddc6966ae32ef1524d2f.jpg,non_georges,0
f:\bifu\non_georges\da3168f2f96278cc055dd7fbae83b2d6.jpg,non_georges,0
f:\bifu\non_georges\1878e55f4d6608598dd402ca5147b5b3.jpg,non_georges,0
f:\bifu\non_georges\f3046b030c1be276739e91bdd9c4ae35.jpg,non_georges,0
f:\bifu\non_georges\4fc7eb5486a784b259acf3ce7d9ee3c2.jpg,non_georges,0
f:\bifu\non_georges\5a98622537ff12695e2bd901518575a5.jpg,non_georges,0
f:\bifu\non_georges\1120e77d96408554b4cfa9dec6a2acf9.jpg,non_georges,0
f:\bifu\non_georges\da957130046150dcae8b52210761fe51.jpg,non_georges,0
f:\bifu\non_georges\31a0d9121bd334458f27559d74ce4b8d.jpg,non_georges,0
f:\bifu\non_georges\5e306ff6deb96bda99b2002d599e93e8.jpg,non_georges,0
f:\bifu\non_georges\2e789139dceab631561b952c5358ff6d.jpg,non_georges,0
f:\bifu\non_georges\b499523f87675ba0d9db9ae3bb6e8d79.jpg,non_georges,0
f:\bifu\non_georges\923f1775fd0a88dc120432621860e43e.jpg,non_georges,0
f:\bifu\non_georges\a84e60df00f71492f50a0913fc573942.jpg,non_georges,0
f:\bifu\non_georges\fa40490e0dd946124213aaeba35d571a.jpg,non_georges,0
f:\bifu\non_georges\759746cd6f87c164cfef976e831a99b6.jpg,non_georges,0
f:\bifu\non_georges\b1a04cf51e2c064b1b42626b759c77da.jpg,non_georges,0
f:\bifu\non_georges\8866cc208d8c7101b46e09c7ee9aaaa0.jpg,non_georges,0
f:\bifu\non_georges\38c1bb8439fbc24c5eaf694f973d2d8e.jpg,non_georges,0
f:\bifu\non_georges\419eacfd57b1cf509b2b0b20ec3d900e.jpg,non_georges,0
f:\bifu\non_georges\138615b66f0464d18723fa378856f27d.jpg,non_georges,0
f:\bifu\non_georges\ff786696e0e61ffa48b9366fad6e09ad.jpg,non_georges,0
f:\bifu\non_georges\349bbfaa7888430a1d1274bfcc60371c.jpg,non_georges,0
f:\bifu\non_georges\aa7f78f2cbdfc5187859a82caa97c7d0.jpg,non_georges,0
f:\bifu\non_georges\584216bbc10f7b30a60fbae8f00947a0.jpg,non_georges,0
f:\bifu\non_georges\f47e66dded10113fcd5adfa2c1593053.jpg,non_georges,0
f:\bifu\non_georges\fef0b1a8334c728c164aee116d7a1f1d.jpg,non_georges,0
f:\bifu\non_georges\b3cf84372f7c313b8d72c25fcb244bdb.jpg,non_georges,0
f:\bifu\non_georges\acc9ee6fefe441e5628bfb55711f292c.jpg,non_georges,0
f:\bifu\non_georges\7e3976912e92de3de482565ea872a230.jpg,non_georges,0
f:\bifu\non_georges\3b5a7c19df7642d1da99ad000968091f.jpg,non_georges,0
f:\bifu\non_georges\e24d1a576a0a9c7648a18279c8df3580.jpg,non_georges,0
f:\bifu\non_georges\747ca6a6c31de6b600c45da1562995ad.jpg,non_georges,0
f:\bifu\non_georges\0fd145df3e31fa08557fb60c5464f7fb.jpg,non_georges,0
f:\bifu\non_georges\454e6e443c007eb99345839b50691f9f.jpg,non_georges,0
f:\bifu\non_georges\0f47a5f80ae2162aaf2788d8d4b271b3.jpg,non_georges,0
f:\bifu\non_georges\0da8320a890757fff02de94372dd1bd2.jpg,non_georges,0
f:\bifu\non_georges\cd6243d367a38896ba561bfac3df68ae.jpg,non_georges,0
f:\bifu\non_georges\bc87e80476528384b60e6d93de0f53f1.jpg,non_georges,0
f:\bifu\non_georges\0a1a0665ac98ae81be4b54db17564f34.jpg,non_georges,0
f:\bifu\non_georges\f2450d014bf33abe15da670eed1dd4c3.jpg,non_georges,0
f:\bifu\non_georges\6ba82d9cefe6efb7c418f03817ee6fac.jpg,non_georges,0
f:\bifu\non_georges\1843815d31ba0dc81f6454a6977156b5.jpg,non_georges,0
f:\bifu\non_georges\3b8a489daf79cb1a34285acae1c7840d.jpg,non_georges,0
f:\bifu\non_georges\cb1e1103da486ef4f5f562679f9a7b67.jpg,non_georges,0
f:\bifu\non_georges\68144f4585ddfb837d5fbf7c3b9af992.jpg,non_georges,0
f:\bifu\non_georges\9120d0916aa79ea363bfcd4d85bf16d1.jpg,non_georges,0
f:\bifu\non_georges\4489c5cd84a332ac8178e52d66a698e4.jpg,non_georges,0
f:\bifu\non_georges\31b038620979b3281932e6a442549fd5.jpg,non_georges,0
f:\bifu\non_georges\0fb7df4d185ee76bc84cae75d589c760.jpg,non_georges,0
f:\bifu\non_georges\c1e925ef151277bcb8241b1780a1bef0.jpg,non_georges,0
f:\bifu\non_georges\f6474ccc3e6e61ad0999d7e3b01f4710.jpg,non_georges,0
f:\bifu\non_georges\ecf0dbaafc177de97e6a3dace998d697.jpg,non_georges,0
f:\bifu\non_georges\47d1103aba9db27ac25fd5ca3e6c16c0.jpg,non_georges,0
f:\bifu\non_georges\80c0d1dccc4f81e1fa1b2d4b79476ca4.jpg,non_georges,0
f:\bifu\non_georges\36059ef0d0f0d36792700bb5af5af521.jpg,non_georges,0
f:\bifu\non_georges\cd2c0972046f74eec7ae6d983598b831.jpg,non_georges,0
f:\bifu\non_georges\bbb3ee6541027d0b375af9361e7d02fa.jpg,non_georges,0
f:\bifu\non_georges\8a86ea78337a63f07a87a74e79c411f7.jpg,non_georges,0
f:\bifu\non_georges\a27dc8c3c00bcc4df07f1bb748677cfd.jpg,non_georges,0
f:\bifu\non_georges\4527adf4d5b70198e87890a60bd678f4.jpg,non_georges,0
f:\bifu\non_georges\21b326ede8e0f92fb3cf49a092d68993.jpg,non_georges,0
f:\bifu\non_georges\875ce2cb4799de17f29a9fd36b964c5c.jpg,non_georges,0
f:\bifu\non_georges\70852206bc71128e0945532d0dd7c7bc.jpg,non_georges,0
f:\bifu\non_georges\56bb9c2f6bb1169e8851b51185ea057f.jpg,non_georges,0
f:\bifu\non_georges\782b55250eec6e9b41050439c6c92a8f.jpg,non_georges,0
f:\bifu\non_georges\89475168a1a6f86226f65af9fb2c9adb.jpg,non_georges,0
f:\bifu\non_georges\65a8458a968da32742abd43576ea5f6f.jpg,non_georges,0
f:\bifu\non_georges\ca4dc67bd62bcdb515ffce098d710d4d.jpg,non_georges,0
f:\bifu\non_georges\84dec41937a3469e6578ef02c4f634cf.jpg,non_georges,0
f:\bifu\non_georges\ea5808ab21a857f78d675cb4c0292b8d.jpg,non_georges,0
f:\bifu\non_georges\6db9e5c75da39cf99fc0af2aeec5e7ab.jpg,non_georges,0
f:\bifu\non_georges\c58fca554afd75f7871250ae7467fbf3.jpg,non_georges,0
f:\bifu\non_georges\1094d52cc57d93b8098a5eeeaf8b48ac.jpg,non_georges,0
f:\bifu\non_georges\fcc1fbbb995383f4c95ba42fa9a29bd1.jpg,non_georges,0
f:\bifu\non_georges\ef05fb39b15b212b549e1330319b3d61.jpg,non_georges,0
f:\bifu\non_georges\4f73f1206f91f7864ce5bd416b929362.jpg,non_georges,0
f:\bifu\non_georges\47e7896055de65697d83aba928ae90ca.jpg,non_georges,0
f:\bifu\non_georges\d1b5979ed7af5eb81bead034507a0275.jpg,non_georges,0
f:\bifu\non_georges\e2bb03e6863e4983ad1365df653aa445.jpg,non_georges,0
f:\bifu\non_georges\cc4549c7b54f2a9bdaf52455ab875bf1.jpg,non_georges,0
f:\bifu\non_georges\b8a0aab5ba445a4ac29ad4ab4ee4fff1.jpg,non_georges,0
f:\bifu\non_georges\dc38706e7ab4861f810d06436fc98e0e.jpg,non_georges,0
f:\bifu\non_georges\d174621d4c2b153e5a186dc788b23435.jpg,non_georges,0
f:\bifu\non_georges\f4a9f3f421ba9369e18f816c8b37ed40.jpg,non_georges,0
f:\bifu\non_georges\5b8e52444b2937d6c9a3709302ca6ffe.jpg,non_georges,0
f:\bifu\non_georges\634bd3030f3d9856aaaa1e1f5dd06333.jpg,non_georges,0
f:\bifu\non_georges\61f0fdc90970f17ae506be1c33603c12.jpg,non_georges,0
f:\bifu\non_georges\2cbf5c0538ddb80bdaf07b038aa5f0c2.jpg,non_georges,0
f:\bifu\non_georges\a0e525615432930f00b7c30057e54a12.jpg,non_georges,0
f:\bifu\non_georges\9f3d92c2aa44446b9afc175797935168.jpg,non_georges,0
f:\bifu\non_georges\bb4b24f726634fe85508908e7d2d1f07.jpg,non_georges,0
f:\bifu\non_georges\b55e1f41c71ac810d9389ef363be0b44.jpg,non_georges,0
f:\bifu\non_georges\335d1cb971abe23b55be1af2ae42a95f.jpg,non_georges,0
f:\bifu\non_georges\0ca7d1d0e53dc996e4f3a51676c6bbd8.jpg,non_georges,0
f:\bifu\non_georges\8bb69e688f61b8a904a74fdebe33da9b.jpg,non_georges,0
f:\bifu\non_georges\b27ab22ddefc24fcf5645db3a63de65c.jpg,non_georges,0
f:\bifu\non_georges\46ece47c647d14ba91aa822ad1af6fdb.jpg,non_georges,0
f:\bifu\non_georges\e78bd2698e6f38a42e2019d597e4baf6.jpg,non_georges,0
f:\bifu\non_georges\6f2774195883465a0b648875b6f3f709.jpg,non_georges,0
f:\bifu\non_georges\4d06e2a859ffdf93d1dc28b21ce68a8c.jpg,non_georges,0
f:\bifu\non_georges\ea5686b5ac829d44b5c5042f4d95f238.jpg,non_georges,0
f:\bifu\non_georges\6ba204f9f3d0a4041dbe6564d4f02966.jpg,non_georges,0
f:\bifu\non_georges\f46dfe88bcb56bfc72cace34efcf01fd.jpg,non_georges,0
f:\bifu\non_georges\a374f1a43fe6f0e00bbc775354e7312e.jpg,non_georges,0
f:\bifu\non_georges\83ee8417526fde7ecec9307d0f0e63e0.jpg,non_georges,0
f:\bifu\non_georges\ba604d444f611d8e4604cdb9089c84f5.jpg,non_georges,0
f:\bifu\non_georges\08dca3a6128eaf9f32223ccd9a10aea6.jpg,non_georges,0
f:\bifu\non_georges\051898c1409eef803e02cd6eb1553677.jpg,non_georges,0
f:\bifu\non_georges\64c04455a0cf6bc243fe847af96da787.jpg,non_georges,0
f:\bifu\non_georges\f7c59911b6b92e76329be817edcd1236.jpg,non_georges,0
f:\bifu\non_georges\eec93ea812f31eac27e64bbf0769888f.jpg,non_georges,0
f:\bifu\non_georges\5213d30bd0d0f1c17f2b25d3b11e8f0e.jpg,non_georges,0
f:\bifu\non_georges\670ea567166c0a0f92b0816b5b2e7d32.jpg,non_georges,0
f:\bifu\non_georges\c3805f541e8f175b2d101e9d073ad327.jpg,non_georges,0
f:\bifu\non_georges\8e67d248e03cef8ac4f132ad564318c1.jpg,non_georges,0
f:\bifu\non_georges\7a40e8ba0a82a6891c3e5fcc6d902033.jpg,non_georges,0
f:\bifu\non_georges\718fd469f31654294146912e6f1ce615.jpg,non_georges,0
f:\bifu\non_georges\068dcad6b19a278b6fded2a43c7b0781.jpg,non_georges,0
f:\bifu\non_georges\eb80c89cac03b5d711f5e07eea61898b.jpg,non_georges,0
f:\bifu\non_georges\eb51144220f7628876455bf92619bbee.jpg,non_georges,0
f:\bifu\non_georges\228577f708f5de712abcaeef66fdaaf1.jpg,non_georges,0
f:\bifu\non_georges\4f1b212ce066290bc01b3feccc4bec8f.jpg,non_georges,0
f:\bifu\non_georges\47b67a604660dc11869a86edaee24676.jpg,non_georges,0
f:\bifu\non_georges\d0678f9f7b9395b30d828f7d682c0c88.jpg,non_georges,0
f:\bifu\non_georges\e6aae36921cb1e85d57d10df79d37969.jpg,non_georges,0
f:\bifu\non_georges\50d3702be376400154021eab2f8dbd4c.jpg,non_georges,0
f:\bifu\non_georges\39ef8820aeffb04c7bc410854382a09f.jpg,non_georges,0
f:\bifu\non_georges\7956a4d7facdf9fd90e74590f9609070.jpg,non_georges,0
f:\bifu\non_georges\c8470b1a1b9f89c9da1dd62e52e68aee.jpg,non_georges,0
f:\bifu\non_georges\4b4e54f12009155d9e436e482fa79692.jpg,non_georges,0
f:\bifu\non_georges\fef8fa5495a1fb33a829f6d813aa9064.jpg,non_georges,0
f:\bifu\non_georges\74e25f891c6f167387a902ea86e67d14.jpg,non_georges,0
f:\bifu\non_georges\e5d0f428313ae6d8b98626dad1d9965e.jpg,non_georges,0
f:\bifu\non_georges\52ba54b8aaca2af2504c1e34e9c9b2fa.jpg,non_georges,0
f:\bifu\non_georges\e0bc420040a0181192680f0a6179f787.jpg,non_georges,0
f:\bifu\non_georges\fe28b81af0e8792696c9ad84e55b5146.jpg,non_georges,0
f:\bifu\non_georges\1425f60e5525af952f3eeb9c497c14aa.jpg,non_georges,0
f:\bifu\non_georges\07f2ed2fca81530a3a4af4dd5677db60.jpg,non_georges,0
f:\bifu\non_georges\2ae1b60f5f63a34d87a5a47bb8d5c1c7.jpg,non_georges,0
f:\bifu\non_georges\ff1fd0ae10626876fa4c7de3dbfc0c5e.jpg,non_georges,0
f:\bifu\non_georges\e1d3e78e713891a127bb337f2c380a17.jpg,non_georges,0
f:\bifu\non_georges\33c04612fe7e808f2af5f58e7e66e6f6.jpg,non_georges,0
f:\bifu\non_georges\d3b74c963091193016487400d12bbf8a.jpg,non_georges,0
f:\bifu\non_georges\26ea988a7b287a0f189d403deed0a989.jpg,non_georges,0
f:\bifu\non_georges\7ab90841418d28e6c44454841c4ff624.jpg,non_georges,0
f:\bifu\non_georges\7ae3cf426482794f084592c03290459b.jpg,non_georges,0
f:\bifu\non_georges\394a1d7651ecf674f239f6d228d5ac61.jpg,non_georges,0
f:\bifu\non_georges\024789f9ec5cc7aadb7de3fb19b7d8bc.jpg,non_georges,0
f:\bifu\non_georges\14cb8b2b7c7239157e47e48cc6f71fe3.jpg,non_georges,0
f:\bifu\non_georges\04156ae5e86438b6222ace99731a9ff5.jpg,non_georges,0
f:\bifu\non_georges\876415865651902a4678954ba7030a03.jpg,non_georges,0
f:\bifu\non_georges\ec66a443336fbb16ec89dbc997aff81c.jpg,non_georges,0
f:\bifu\non_georges\11d3718b36151a77fe223c81c4f93cc0.jpg,non_georges,0
f:\bifu\non_georges\1bd4307639c684896e39423049a197d0.jpg,non_georges,0
f:\bifu\non_georges\f6370ebd0c8981ea3fe0a5663c045097.jpg,non_georges,0
f:\bifu\non_georges\28d496660cbf7638111886cac09df6e2.jpg,non_georges,0
f:\bifu\non_georges\c2eedc2159e31e8deaf341da5149afd3.jpg,non_georges,0
f:\bifu\non_georges\14ae4735ca02365a639bdc02488cbc55.jpg,non_georges,0
f:\bifu\non_georges\16cd709225ff93f729790c94a27450f6.jpg,non_georges,0
f:\bifu\non_georges\85c55bae4284b50381dc429ec77fe4b6.jpg,non_georges,0
f:\bifu\non_georges\2d14265cc3cf687c01fda7db6dfb303e.jpg,non_georges,0
f:\bifu\non_georges\004d166b79d0ba4440927448576a5d38.jpg,non_georges,0
f:\bifu\non_georges\5d5c778091fdbd7c1be9340776437cea.jpg,non_georges,0
f:\bifu\non_georges\8c0ad03d4eda1913f421f45c413e41d5.jpg,non_georges,0
f:\bifu\non_georges\7ac68a365babe3a7d26733e702d3a887.jpg,non_georges,0
f:\bifu\non_georges\a594413af60dea56d40917e501115ed0.jpg,non_georges,0
f:\bifu\non_georges\790531a9441a9fde4c4d72238d131157.jpg,non_georges,0
f:\bifu\non_georges\348a5f156e3d27776eee2600333c0bff.jpg,non_georges,0
f:\bifu\non_georges\dedd2dddc6df165567fb3adf36c54f22.jpg,non_georges,0
f:\bifu\non_georges\879380313be907265a4f6dc612a4372c.jpg,non_georges,0
f:\bifu\non_georges\7e62792f1f6b07912f4a025df63638d3.jpg,non_georges,0
f:\bifu\non_georges\c620528197219f75755714c3b2f15b09.jpg,non_georges,0
f:\bifu\non_georges\fb7af95b0e4d6737b31a8abd5393a2a7.jpg,non_georges,0
f:\bifu\non_georges\e152de5af03667fd37cdd99fd8a984f2.jpg,non_georges,0
f:\bifu\non_georges\cf6c38ad18b8fc8d22d1a64898111a4f.jpg,non_georges,0
f:\bifu\non_georges\77968148d420003bd8bef455fb7ff695.jpg,non_georges,0
f:\bifu\non_georges\9f9d4e5944bdd069a0ea077c14527f83.jpg,non_georges,0
f:\bifu\non_georges\0a6d5828d03fdc8b600ba250baee71fa.jpg,non_georges,0
f:\bifu\non_georges\bc09ea7f67e581730f947c8270783918.jpg,non_georges,0
f:\bifu\non_georges\587ce45af4783bfabcb92d2452518edb.jpg,non_georges,0
f:\bifu\non_georges\9ca4be43b422a125219c27f7095e10f8.jpg,non_georges,0
f:\bifu\non_georges\1422d1cad8ee7331a569353670abc9a5.jpg,non_georges,0
f:\bifu\non_georges\9c02869eeafefe5492efb6182a2c7339.jpg,non_georges,0
f:\bifu\non_georges\27adc5683cf3c31e8dcc5ed0578b3b98.jpg,non_georges,0
f:\bifu\non_georges\352e4e717a51fa1d1202c5a201949f1a.jpg,non_georges,0
f:\bifu\non_georges\7a943651a11314e4e6d23d14b90df7c0.jpg,non_georges,0
f:\bifu\non_georges\07c55723f3ba061fba7a2ca7a735af96.jpg,non_georges,0
f:\bifu\non_georges\030096a8a3138e04e480dfb56353e014.jpg,non_georges,0
f:\bifu\non_georges\ec0b52964ce523d2033862b5a49ea63b.jpg,non_georges,0
f:\bifu\non_georges\b13165a1d5c90b5c1e1a10051987797e.jpg,non_georges,0
f:\bifu\non_georges\ceacba03e8b0e1568cc31a9516ba7dc0.jpg,non_georges,0
f:\bifu\non_georges\649d0fa60978fe08bf949ae79ef2fb0c.jpg,non_georges,0
f:\bifu\non_georges\2150b9e61aef44ce2cb9797c2de34cea.jpg,non_georges,0
f:\bifu\non_georges\67d6e7be0538a981b93ab7e25c641b80.jpg,non_georges,0
f:\bifu\non_georges\faf628f19b72a5971310cce0c1fe9a14.jpg,non_georges,0
f:\bifu\non_georges\a86ae3c8e952f32536d8a25bc2f0b2ef.jpg,non_georges,0
f:\bifu\non_georges\a71d4ca516166e3b16c990dc7a3201e5.jpg,non_georges,0
f:\bifu\non_georges\84182dd5e4cfa90426f19cdb03fe4d7f.jpg,non_georges,0
f:\bifu\non_georges\95176fc2f7b980352587b562fd3275fa.jpg,non_georges,0
f:\bifu\non_georges\27c88a39619bfd13142dc42788789b65.jpg,non_georges,0
f:\bifu\non_georges\e6ca3708da38d94fd33ee60db112535f.jpg,non_georges,0
f:\bifu\non_georges\56ca8cc742ec591af16bc8d4eca9a2a4.jpg,non_georges,0
f:\bifu\non_georges\7c285f2b8878ce5cabd9d4b59688721e.jpg,non_georges,0
f:\bifu\non_georges\e9c813a4083a68958538b067697b4531.jpg,non_georges,0
f:\bifu\non_georges\6fa182a80c49deb28614122b58005c71.jpg,non_georges,0
f:\bifu\non_georges\72c8fc209c59161f54c2eb1db845afb6.jpg,non_georges,0
f:\bifu\non_georges\b906efcca652ffc58b8a95c4fdf3553f.jpg,non_georges,0
f:\bifu\non_georges\7166ae5b9a39bfea942684de85371069.jpg,non_georges,0
f:\bifu\non_georges\4af5ceb02c6a1c81b62252bad816df28.jpg,non_georges,0
f:\bifu\non_georges\8accb33f1c6d3009caadd712fddcb08f.jpg,non_georges,0
f:\bifu\non_georges\8a4b74cc1f226df2af81894585453f97.jpg,non_georges,0
f:\bifu\non_georges\45ab437fba3b77b5c43c54f08a73a214.jpg,non_georges,0
f:\bifu\non_georges\c48b20e246dfe41e28e5987db38b9dfa.jpg,non_georges,0
f:\bifu\non_georges\09d097cd7573960fd1a14e5e07ce7b5a.jpg,non_georges,0
f:\bifu\non_georges\c063d9055042c7f2fe3599495764faa7.jpg,non_georges,0
f:\bifu\non_georges\afb01d718b1a36a22f13e2038f5f901d.jpg,non_georges,0
f:\bifu\non_georges\99e11f9a50afce8205b1a9af1cc65fbf.jpg,non_georges,0
f:\bifu\non_georges\1f4f6fef579138edd6eb7f91da4f70dd.jpg,non_georges,0
f:\bifu\non_georges\ad3ed803324c993665d28e3b71ecc94b.jpg,non_georges,0
f:\bifu\non_georges\aa21132fc1ad5fd236bde6d10f9303cb.jpg,non_georges,0
f:\bifu\non_georges\cc030184daa06b0d8722de9eff7779f4.jpg,non_georges,0
f:\bifu\non_georges\742961b49b27395cde22f53494e7a970.jpg,non_georges,0
f:\bifu\non_georges\be666343ee42d2089349302309422926.jpg,non_georges,0
f:\bifu\non_georges\7945f58c0cf752c89c504be95c17e041.jpg,non_georges,0
f:\bifu\non_georges\ca9609794fa710cf970f7b8a9e7fa217.jpg,non_georges,0
f:\bifu\non_georges\f45636e8c7baa125ba1230beabe75e3e.jpg,non_georges,0
f:\bifu\non_georges\1ef1615fb2976bd2db49c5af3dc003d7.jpg,non_georges,0
f:\bifu\non_georges\25eac6ae6da099a06975ffc3442859f1.jpg,non_georges,0
f:\bifu\non_georges\9b1888fd64aa7a90b3030982b7bb169b.jpg,non_georges,0
f:\bifu\non_georges\5fee4ac95a2aaf1bd1941bcb5780e59e.jpg,non_georges,0
f:\bifu\non_georges\0ba4dec4d597996ba582ee525fdc8166.jpg,non_georges,0
f:\bifu\non_georges\0e9ffe5cad05ce9f797952e703ad2dcc.jpg,non_georges,0
f:\bifu\non_georges\2d37e91a8dd4265927bbffd55d9257ec.jpg,non_georges,0
f:\bifu\non_georges\265e15c492f4098a47ff70a414077217.jpg,non_georges,0
f:\bifu\non_georges\b361efbeaf18ca6384040a6537881a03.jpg,non_georges,0
f:\bifu\non_georges\a54baab7021e2a3221533df070d8a463.jpg,non_georges,0
f:\bifu\non_georges\91aa7cdf9414a3545d82ef3730ae70d0.jpg,non_georges,0
f:\bifu\non_georges\142415fc0e1b7d3d1923bb827ebbfe64.jpg,non_georges,0
f:\bifu\non_georges\46c37893aa1defd244b98f55f9150ede.jpg,non_georges,0
f:\bifu\non_georges\664dc50185a2f783711463093e339e04.jpg,non_georges,0
f:\bifu\non_georges\fff58c33866f1901e0dcd5e2f3ac97ec.jpg,non_georges,0
f:\bifu\non_georges\9400129cde99c61275e29c3a851629bf.jpg,non_georges,0
f:\bifu\non_georges\4a486256f6cb77ed9c35606bb95fd26b.jpg,non_georges,0
f:\bifu\non_georges\21d872da5580d702a92329ae051364d7.jpg,non_georges,0
f:\bifu\non_georges\743b5500a27913462152be6257fe83b3.jpg,non_georges,0
f:\bifu\non_georges\772462e86d918bddf918fe2b37104e5a.jpg,non_georges,0
f:\bifu\non_georges\528c28c609471d1068ea0ae654e850fa.jpg,non_georges,0
f:\bifu\non_georges\7328ff5534b54b4080a2282b851812e6.jpg,non_georges,0
f:\bifu\non_georges\b26cb7562904a887272cdf5466afbb82.jpg,non_georges,0
f:\bifu\non_georges\28447278c8a775137f4a3fac679f662b.jpg,non_georges,0
f:\bifu\non_georges\e67e9b3578a7b9361e02841b23286a16.jpg,non_georges,0
f:\bifu\non_georges\d845a913042e4ad85acc3110fb997db9.jpg,non_georges,0
f:\bifu\non_georges\7ae02530f4c77d10f4bf022901a77eda.jpg,non_georges,0
f:\bifu\non_georges\f686be535881132d3e3ab5de150f8a46.jpg,non_georges,0
f:\bifu\non_georges\c0362f46acaebeadc50d0e6d4c4f44f1.jpg,non_georges,0
f:\bifu\non_georges\7bf3a31e41da2036813ee2a53de69255.jpg,non_georges,0
f:\bifu\non_georges\ba13aee35113c1bfc697bf64653278e6.jpg,non_georges,0
f:\bifu\non_georges\2d62d99c30f4da7f0f1d6daa9786e77d.jpg,non_georges,0
f:\bifu\non_georges\f99cf95490eea01af0a543ec1627fa13.jpg,non_georges,0
f:\bifu\non_georges\92b20c00a197614aa89659af400251a0.jpg,non_georges,0
f:\bifu\non_georges\25167859113a69b84be84769306b20e3.jpg,non_georges,0
f:\bifu\non_georges\6a509487033fe350cfb0f7b79cef77ea.jpg,non_georges,0
f:\bifu\non_georges\a3afae834fd810e9b1552ceb726e64af.jpg,non_georges,0
f:\bifu\non_georges\97dbd4315949bf8a22aef083fef68368.jpg,non_georges,0
f:\bifu\non_georges\50dcc85cd8571a6afd850bcc68792318.jpg,non_georges,0
f:\bifu\non_georges\349384e582e6f4fb261c370d9612c9a8.jpg,non_georges,0
f:\bifu\non_georges\55edd5e9a9d7e0e44ec8a973be22263d.jpg,non_georges,0
f:\bifu\non_georges\9e9c5854230ae0450df370985b096865.jpg,non_georges,0
f:\bifu\non_georges\721768e673f63f27542b86f5741eb460.jpg,non_georges,0
f:\bifu\non_georges\ebc68a3816e2f715a33588ea3172423a.jpg,non_georges,0
f:\bifu\non_georges\400869e0de55e8be908a79677b1e31e1.jpg,non_georges,0
f:\bifu\non_georges\389ac66ea342b313e6214f7eddfb3506.jpg,non_georges,0
f:\bifu\non_georges\ed9233ce68c30b25cae16e1a7bb2d81f.jpg,non_georges,0
f:\bifu\non_georges\ca177a8db9d49e1102064004026a0873.jpg,non_georges,0
f:\bifu\non_georges\5c44a1b52b6266998026649c604dafe4.jpg,non_georges,0
f:\bifu\non_georges\1c9d93afddbf976675a29b3747f38d1e.jpg,non_georges,0
f:\bifu\non_georges\2a8e175f10a052e73a5c3e78a8f4b2ec.jpg,non_georges,0
f:\bifu\non_georges\fa20f267ecff9b82ab7b57ffae7a1a2c.jpg,non_georges,0
f:\bifu\non_georges\0a12205b132ecf6ddb8a2aaaa99d65ff.jpg,non_georges,0
f:\bifu\non_georges\89b956b125829ab1d82535d8715cf669.jpg,non_georges,0
f:\bifu\non_georges\612deacce82a4f0eb334a019edfa1bcf.jpg,non_georges,0
f:\bifu\non_georges\0c7c2d45634ec0a5f69e438d87a73e80.jpg,non_georges,0
f:\bifu\non_georges\eab79e29965113437393625b41fa6be7.jpg,non_georges,0
f:\bifu\non_georges\2c5e64ce8489c48a3c7ddd0096cfb41a.jpg,non_georges,0
f:\bifu\non_georges\4ed4c7b43a3159f8b8aae9e936d9e310.jpg,non_georges,0
f:\bifu\non_georges\f468f708790f16d587ed5bc227485035.jpg,non_georges,0
f:\bifu\non_georges\4634cb49a7df08167e392b7cc97dc564.jpg,non_georges,0
f:\bifu\non_georges\6e36631522e16d23d44e75a500b2f938.jpg,non_georges,0
f:\bifu\non_georges\ed8ce704bd1bf9bdcb6333c6acf3dcd2.jpg,non_georges,0
f:\bifu\non_georges\59e07c92f61e9fb08a8f1c70625375c9.jpg,non_georges,0
f:\bifu\non_georges\9ca778bff2ba71d337403f7e6178ff4d.jpg,non_georges,0
f:\bifu\non_georges\1050039a0d9f86d54e2b79b9af063b88.jpg,non_georges,0
f:\bifu\non_georges\026743383962d43764833e5af2795568.jpg,non_georges,0
f:\bifu\non_georges\cf0abb3fe84184b56cf9a71e7a1045de.jpg,non_georges,0
f:\bifu\non_georges\e3e843482fbd544be2be4fa1166b7cbb.jpg,non_georges,0
f:\bifu\non_georges\06970f717ef074156d8cdaa62378faea.jpg,non_georges,0
f:\bifu\non_georges\5c73996be1f5e5dfb180c9dd3fe04ae5.jpg,non_georges,0
f:\bifu\non_georges\d579add0e43c1226239a8a1cb7eee8f8.jpg,non_georges,0
f:\bifu\non_georges\fc5f23e92686d2dd3f84b2103fca37e7.jpg,non_georges,0
f:\bifu\non_georges\7744246af314823fae3bb5246a3eba86.jpg,non_georges,0
f:\bifu\non_georges\4b0a09e81f0b5a19abf428818814f75c.jpg,non_georges,0
f:\bifu\non_georges\d11cbfb3da6a22292ac113dfbe9ecdef.jpg,non_georges,0
f:\bifu\non_georges\9805373306143b17521b18489aec8d0e.jpg,non_georges,0
f:\bifu\non_georges\784e93cb0334e01b8b985f8227a2fa21.jpg,non_georges,0
f:\bifu\non_georges\d1b65c21bfa09072e6ac19aa495ecd57.jpg,non_georges,0
f:\bifu\non_georges\5eb1ef4ae383fad62a8745ab8ccf2af5.jpg,non_georges,0
f:\bifu\non_georges\aa4854efb9995c112cbed06e02f1b3da.jpg,non_georges,0
f:\bifu\non_georges\4ea6ec7ee1b6dc72bcb5975df9100bef.jpg,non_georges,0
f:\bifu\non_georges\843207da2dd1e7314cc4b3df16a60983.jpg,non_georges,0
f:\bifu\non_georges\5dd94d9b9cf4f209b03e015fa81f3533.jpg,non_georges,0
f:\bifu\non_georges\d7f5f341bc84e4ef697ee8ad527f1705.jpg,non_georges,0
f:\bifu\non_georges\d31803f800a065c22a6972fb444006a0.jpg,non_georges,0
f:\bifu\non_georges\175fd56d2958e3b36c94e2cb346e2190.jpg,non_georges,0
f:\bifu\non_georges\f3ef7de7855a55897408eb7beee56fc3.jpg,non_georges,0
f:\bifu\non_georges\5a753c566468097336068e0fdf1db35f.jpg,non_georges,0
f:\bifu\non_georges\91dc66dee4d4299e9b49d4e1a792c32c.jpg,non_georges,0
f:\bifu\non_georges\f76a294012b3d1624e4e66b6895c3971.jpg,non_georges,0
f:\bifu\non_georges\50850774534adc0a026f12d67296f8fc.jpg,non_georges,0
f:\bifu\non_georges\8fe25bf2716f2a4309790725f2ff4227.jpg,non_georges,0
f:\bifu\non_georges\4ffa35bc9efdd754bfa6d5be3d8b42b0.jpg,non_georges,0
f:\bifu\non_georges\9070d94a26a8131cc95f22a783d18d51.jpg,non_georges,0
f:\bifu\non_georges\49aee5828bb0bc4d9a8b3ba4e4444d71.jpg,non_georges,0
f:\bifu\non_georges\2e4983c92c42c1fc341f9baaabe4b61f.jpg,non_georges,0
f:\bifu\non_georges\9ce4147682f24a74608206cc917e0836.jpg,non_georges,0
f:\bifu\non_georges\fcaaebe660473b34cc5ee8a5acd0d3ec.jpg,non_georges,0
f:\bifu\non_georges\db28344fd393febb062b23e4f4e4e003.jpg,non_georges,0
f:\bifu\non_georges\18bb9e2d8d48a864166ea152e6375ccb.jpg,non_georges,0
f:\bifu\non_georges\b448d7f86da2cdd80a535097cf4b1aaa.jpg,non_georges,0
f:\bifu\non_georges\3620267bfc2ec83b9f7b5ae521ea26fb.jpg,non_georges,0
f:\bifu\non_georges\396a24366ca69f236cb03710b3ea9362.jpg,non_georges,0
f:\bifu\non_georges\801aff7d845cfe0aad838d1dc8aaa32f.jpg,non_georges,0
f:\bifu\non_georges\d091e16a784a48e9e5c64546f20eb21d.jpg,non_georges,0
f:\bifu\non_georges\e26c38e69076215e6a426c2eff1eafd8.jpg,non_georges,0
f:\bifu\non_georges\2ecb49d1f9805b3795fb7f8af0e6cbd4.jpg,non_georges,0
f:\bifu\non_georges\86b153ec63c2735052c9c3bef1a8cd84.jpg,non_georges,0
f:\bifu\non_georges\75948bf57cc17c6e3b88e73d9c3814c1.jpg,non_georges,0
f:\bifu\non_georges\6f98d0c1a8264444c0691cd91355126e.jpg,non_georges,0
f:\bifu\non_georges\5bb5b06deb499692b498f93c1111f992.jpg,non_georges,0
f:\bifu\non_georges\f7d6df0883d9815e38452fc095e2d280.jpg,non_georges,0
f:\bifu\non_georges\f800f0ff93ef80414d12343d159aab1a.jpg,non_georges,0
f:\bifu\non_georges\0f392d8bce00a8157e96e40fd2b426f6.jpg,non_georges,0
f:\bifu\non_georges\b08a401563ad8ce71cce2ed63ca876a5.jpg,non_georges,0
f:\bifu\non_georges\e1881e7fdc5c0dac1c950d0a4407ca66.jpg,non_georges,0
f:\bifu\non_georges\ff8cf13ca9215651bb2ff9bcf754dc43.jpg,non_georges,0
f:\bifu\non_georges\8a699760182f06a054a41d3319f97a69.jpg,non_georges,0
f:\bifu\non_georges\aad0d0d643f9d34e7cadedb134a6a61f.jpg,non_georges,0
f:\bifu\non_georges\e9d14b86ffc282f835ecb8a54cb73add.jpg,non_georges,0
f:\bifu\non_georges\876f0fd35f485aaf29ed1bee294ae3af.jpg,non_georges,0
f:\bifu\non_georges\1cb73077a5b0e186516e427c19be7e95.jpg,non_georges,0
f:\bifu\non_georges\bcfc13cad063ea723961abb853fa64de.jpg,non_georges,0
f:\bifu\non_georges\5a487fbfffa0fdbbda910d89e7dc8e8f.jpg,non_georges,0
f:\bifu\non_georges\4aa0d8e908bd3f8108ef9ded16c58603.jpg,non_georges,0
f:\bifu\non_georges\e585c56f02b6105eb54389653f0ee177.jpg,non_georges,0
f:\bifu\non_georges\de600627a01594865c5113deeca034b1.jpg,non_georges,0
f:\bifu\non_georges\99a7ca1c6d0e6de0b37503a0ec79903b.jpg,non_georges,0
f:\bifu\non_georges\6367a91be8fa3ec9c15244ae2d6d1b44.jpg,non_georges,0
f:\bifu\non_georges\fa6ac5eb7194cdacaab3c7f0b9323d1a.jpg,non_georges,0
f:\bifu\non_georges\a7bc0d39783e74dd191ce0ecf2cf873f.jpg,non_georges,0
f:\bifu\non_georges\6689e17cdcbc4b304d8c2fc6d7f21cf9.jpg,non_georges,0
f:\bifu\non_georges\e58de1a37a8e7a647bf451b56427969e.jpg,non_georges,0
f:\bifu\non_georges\7c0f1c8920b973ad1e024017c9d91d3f.jpg,non_georges,0
f:\bifu\non_georges\6a40cee587eab15a391af8068197508f.jpg,non_georges,0
f:\bifu\non_georges\efb4d8e690c8250afcea9e68a73f599f.jpg,non_georges,0
f:\bifu\non_georges\933de63cd2b92418f21a9330f3ecd06c.jpg,non_georges,0
f:\bifu\non_georges\17ba11ba2e0c290424386110580e18fb.jpg,non_georges,0
f:\bifu\non_georges\3156e2af4722ff908b5b0d771da8ad9d.jpg,non_georges,0
f:\bifu\non_georges\7f50d6390f99308ab8ba1b13cca3f7f8.jpg,non_georges,0
f:\bifu\non_georges\2e873a34346181327731c1f83738dda5.jpg,non_georges,0
f:\bifu\non_georges\04f569494c9569e59e3d6e410cc1131b.jpg,non_georges,0
f:\bifu\non_georges\8f0959011ab8824ec065b2a9a7d83fe4.jpg,non_georges,0
f:\bifu\non_georges\a551cfb8522f8551bd68f5acb0321272.jpg,non_georges,0
f:\bifu\non_georges\1f95fb610643d961445c3f39505a6fcd.jpg,non_georges,0
f:\bifu\non_georges\89aa7a5183bfd8ae25ffb3f14d2377f5.jpg,non_georges,0
f:\bifu\non_georges\bd1b03d06039f9a68e3a6b3460941bed.jpg,non_georges,0
f:\bifu\non_georges\67eaf02196d2c4145db0d87fb3267529.jpg,non_georges,0
f:\bifu\non_georges\9ee58b032b24df2a2900d8b5bf697f29.jpg,non_georges,0
f:\bifu\non_georges\e4ce78fecd1b26160f5c564b4adc795e.jpg,non_georges,0
f:\bifu\non_georges\0b691836e2596eace7e2454302f635e0.jpg,non_georges,0
f:\bifu\non_georges\9c3a48341bfe14129bc6baed7efd40da.jpg,non_georges,0
f:\bifu\non_georges\308de83086a8d50e9490fcbd9b86bae9.jpg,non_georges,0
f:\bifu\non_georges\78b3981b49258f6776b0e856a20e4d43.jpg,non_georges,0
f:\bifu\non_georges\7734ffad6e8315861ecebe86f002e544.jpg,non_georges,0
f:\bifu\non_georges\f657180ce4a78c91e0f0bab49a521325.jpg,non_georges,0
f:\bifu\non_georges\63b45313a61e82e97f464c9cc16148e0.jpg,non_georges,0
f:\bifu\non_georges\0e3480eb200fd6e6fa0cfbb1d8aa4431.jpg,non_georges,0
f:\bifu\non_georges\7fade6d09d6c82aaa22891b9b2040f42.jpg,non_georges,0
f:\bifu\non_georges\b7483bb613c0398fdd96d55499e1b843.jpg,non_georges,0
f:\bifu\non_georges\ce55eb6f263bd85663863b32a83341e3.jpg,non_georges,0
f:\bifu\non_georges\4b8581c098e62ba2c7d622d48497e140.jpg,non_georges,0
f:\bifu\non_georges\3bbdb30ca43f4784a24941e2d4cda069.jpg,non_georges,0
f:\bifu\non_georges\64c82d3d13c0ae9b32d86303e0f5ecdb.jpg,non_georges,0
f:\bifu\non_georges\d15cfa43b9f7e8f307469d5813dd9f41.jpg,non_georges,0
f:\bifu\non_georges\75ef9b06ecdbe6984515ba454e710ddf.jpg,non_georges,0
f:\bifu\non_georges\e211c61b1fd8eaff39ada9b285fac023.jpg,non_georges,0
f:\bifu\non_georges\6806e3ce63d3f669b0ccb949924a9d0c.jpg,non_georges,0
f:\bifu\non_georges\6c0b70dcca381fafda8bf3cfe988de9c.jpg,non_georges,0
f:\bifu\non_georges\bd81a83892bf39cbe37bd9c88d2cdb71.jpg,non_georges,0
f:\bifu\non_georges\a94ab79162d8946292e303f07910ecce.jpg,non_georges,0
f:\bifu\non_georges\8b1601b1352db0a0705c774403c63033.jpg,non_georges,0
f:\bifu\non_georges\2f857d961c0239b43c53e5216304e73c.jpg,non_georges,0
f:\bifu\non_georges\99eae2390d76fe1e44a00e40ede1aa78.jpg,non_georges,0
f:\bifu\non_georges\fab9dec151899046541723c15d22da02.jpg,non_georges,0
f:\bifu\non_georges\b7832df084f4d56b427acc0a287acade.jpg,non_georges,0
f:\bifu\non_georges\b7ee8e22b9a1f257f9fb03d6041ebbeb.jpg,non_georges,0
f:\bifu\non_georges\53cc2ebf9103924ceaff38e06440777a.jpg,non_georges,0
f:\bifu\non_georges\f2d1a2cd8a42eed9f778a780b2e2c698.jpg,non_georges,0
f:\bifu\non_georges\6a994e927c4413f9db561a143cc000fa.jpg,non_georges,0
f:\bifu\non_georges\ce01c1a2b0c8ee7831f96d02453111a0.jpg,non_georges,0
f:\bifu\non_georges\c04d08684d15fcda622ad08786b2ae18.jpg,non_georges,0
f:\bifu\non_georges\160671a9a28aa300b4cabe21e47e0d63.jpg,non_georges,0
f:\bifu\non_georges\2c5065a266ad59fb8e35a4e53ab692cd.jpg,non_georges,0
f:\bifu\non_georges\a074a68dc7b48ab1b3c45f96331cc5d0.jpg,non_georges,0
f:\bifu\non_georges\3c3ecc4508ea73ac85cb28398f527dc0.jpg,non_georges,0
f:\bifu\non_georges\77eac988342b1074f7e7a37e9d18b693.jpg,non_georges,0
f:\bifu\non_georges\2e8ca9f025290d1a18f82d8a3b1b83fa.jpg,non_georges,0
f:\bifu\non_georges\ad77359efaaf8fc5ab3861a702e15ad9.jpg,non_georges,0
f:\bifu\non_georges\8f062ac131df9e548f526152103f9044.jpg,non_georges,0
f:\bifu\non_georges\c217b129a3f688780d615851ce0419e2.jpg,non_georges,0
f:\bifu\non_georges\944906e55fe3b373eb4a10f846293744.jpg,non_georges,0
f:\bifu\non_georges\97e865e89ab23e620e4225115f06eda7.jpg,non_georges,0
f:\bifu\non_georges\810b9ff91f3f4aa18871154d43077f97.jpg,non_georges,0
f:\bifu\non_georges\560b6c5eb6dfca3402c5fef08cfc544f.jpg,non_georges,0
f:\bifu\non_georges\a0c055147b9267b892c0b53c2719cd8a.jpg,non_georges,0
f:\bifu\non_georges\5b6214ae8523178cefb58e16b1914a91.jpg,non_georges,0
f:\bifu\non_georges\dea89f32507763df9f1ae4ab3fe2c0ee.jpg,non_georges,0
f:\bifu\non_georges\313ffb9167a3189b831af76a6472e2fd.jpg,non_georges,0
f:\bifu\non_georges\267f78ec728e12af74a5b4eb16e9c932.jpg,non_georges,0
f:\bifu\non_georges\90db04dd7969c76a19b7127da9db5ab1.jpg,non_georges,0
f:\bifu\non_georges\23f4376531f79b4b25957baff09b7937.jpg,non_georges,0
f:\bifu\non_georges\b63c960f3265871bc180ac78bba794f4.jpg,non_georges,0
f:\bifu\non_georges\bf227f8319e9d8fd10d09dad338c7d46.jpg,non_georges,0
f:\bifu\non_georges\7ed3fe6026f6370a603f0a8cb6e36936.jpg,non_georges,0
f:\bifu\non_georges\ae27380cf8ad7334b12bac2f06d80c5a.jpg,non_georges,0
f:\bifu\non_georges\045889e86d9711a81bc5c6f42cf2312d.jpg,non_georges,0
f:\bifu\non_georges\ad7662a3d4694bfd1ef0bfd9123a9be8.jpg,non_georges,0
f:\bifu\non_georges\61ab1a2740937a02f1a9a40e5e0474a9.jpg,non_georges,0
f:\bifu\non_georges\325f007fe1e7256fff0939ec2089cdf9.jpg,non_georges,0
f:\bifu\non_georges\f1dd3f3ea143cc692bcbf053a58f4d03.jpg,non_georges,0
f:\bifu\non_georges\cb96381a6d6df874488a3a92d01fde6e.jpg,non_georges,0
f:\bifu\non_georges\d0b06fcf9f016038f753445e28de1b8a.jpg,non_georges,0
f:\bifu\non_georges\98c18e79e162921e3a047e4a4477d3c6.jpg,non_georges,0
f:\bifu\non_georges\e2147a47d6e88be12cb6ea99f79b3008.jpg,non_georges,0
f:\bifu\non_georges\5a7bcf855daedc77cf3c3d27a3fbba48.jpg,non_georges,0
f:\bifu\non_georges\f393a9516f1c965a344422bf82b49fe7.jpg,non_georges,0
f:\bifu\non_georges\acd778121e44870754680f4a090174b5.jpg,non_georges,0
f:\bifu\non_georges\f9c3271107f1f65d4ae0fbf78fd76ca2.jpg,non_georges,0
f:\bifu\non_georges\ed0027826008d6529029a917cdc07b79.jpg,non_georges,0
f:\bifu\non_georges\1113f617d3f5de5dee54b0d100b19d8c.jpg,non_georges,0
f:\bifu\non_georges\89dbb3a741c5e6637b0b80dc1af3c033.jpg,non_georges,0
f:\bifu\non_georges\9d1464b63e025c15054dbc1a39fbaf62.jpg,non_georges,0
f:\bifu\non_georges\fb56e7ac8c278e1e4115dece091d4fb1.jpg,non_georges,0
f:\bifu\non_georges\a3b08d325074f323b4d90d2e431880ac.jpg,non_georges,0
f:\bifu\non_georges\3b95156a6f344f2c4ee2727c2ddc38ce.jpg,non_georges,0
f:\bifu\non_georges\11c3ea92acd62412f43f44adcf002be4.jpg,non_georges,0
f:\bifu\non_georges\80b05434f1d58baee951b5beddeaf9bd.jpg,non_georges,0
f:\bifu\non_georges\91101fe7baddf7da2ba0518eed13bbff.jpg,non_georges,0
f:\bifu\non_georges\cd865c677ac4262312b99a5ab6aa6565.jpg,non_georges,0
f:\bifu\non_georges\003fd791d02173dc838c4ed68eadc0d9.jpg,non_georges,0
f:\bifu\non_georges\a2a6752083dfc85fc6c06acd6426c976.jpg,non_georges,0
f:\bifu\non_georges\7da7759b54c6379b92566a1ce3dc910b.jpg,non_georges,0
f:\bifu\non_georges\25b2f2602ee39e953b61b2a177c6937f.jpg,non_georges,0
f:\bifu\non_georges\64fdbd865ec90850dabfc120abc40afc.jpg,non_georges,0
f:\bifu\non_georges\c9347131b2b223ac4a0f8353da7c1faf.jpg,non_georges,0
f:\bifu\non_georges\f766de191764acdd264e8d262629d046.jpg,non_georges,0
f:\bifu\non_georges\1c3d7698e020c4a3cc4e3d35a4f40857.jpg,non_georges,0
f:\bifu\non_georges\ca4150d9e58502e74d566ad898731f79.jpg,non_georges,0
f:\bifu\non_georges\0b60a9f663348cae257271238521231e.jpg,non_georges,0
f:\bifu\non_georges\ad1162443fabc69114978f96df2c88df.jpg,non_georges,0
f:\bifu\non_georges\7cbe9a00dea7287257df13773df00731.jpg,non_georges,0
f:\bifu\non_georges\b7a51728f094ec8ad4325f201e0041a3.jpg,non_georges,0
f:\bifu\non_georges\9c66033a24bb1922d862bd6ba94946b5.jpg,non_georges,0
f:\bifu\non_georges\db704ae03f5d4b036b1864f1c2e9a5a8.jpg,non_georges,0
f:\bifu\non_georges\671ee1e46ea99ac88f8cff50ec56aa49.jpg,non_georges,0
f:\bifu\non_georges\3338089bf6119a2ac4360d8c1ecb0da9.jpg,non_georges,0
f:\bifu\non_georges\20dd24e40e0800df258dc79b75445dcd.jpg,non_georges,0
f:\bifu\non_georges\649f35a271fa6e38a920304b94104e44.jpg,non_georges,0
f:\bifu\non_georges\6829b4036690c172301cd594f4c51201.jpg,non_georges,0
f:\bifu\non_georges\d5c525a6d728dc2d6376d919b1584680.jpg,non_georges,0
f:\bifu\non_georges\6c8cbfb435ce17ecd12bb31e8fb8f127.jpg,non_georges,0
f:\bifu\non_georges\934f0cfb153f36de2ce1c9a7f9061cf7.jpg,non_georges,0
f:\bifu\non_georges\1cd654eb7f32feb474c34272036a94a5.jpg,non_georges,0
f:\bifu\non_georges\ff1f66cfa6a61a53e92b62b0f42678d7.jpg,non_georges,0
f:\bifu\non_georges\cb9fbca2e42273c31d7e28725da32a4f.jpg,non_georges,0
f:\bifu\non_georges\3a02775da743fbc7d266d45b912f9a9f.jpg,non_georges,0
f:\bifu\non_georges\dfe8cea1cc4055f205e8fd32b2e0e5a2.jpg,non_georges,0
f:\bifu\non_georges\db4eb8fc6ecb992da2ffb636449eeea9.jpg,non_georges,0
f:\bifu\non_georges\a3b55f203b9d852f7ef1399a2d09bcf7.jpg,non_georges,0
f:\bifu\non_georges\db1d72c89a2408acdab7b06e6c1b70db.jpg,non_georges,0
f:\bifu\non_georges\37f7d65d05af14f0255a9717ab174971.jpg,non_georges,0
f:\bifu\non_georges\c827a0aec390ea403f02c1d27eb26a9e.jpg,non_georges,0
